"log_id","emp_id","attendance_date","attendance_status","hours_worked"
1,1,"2025-09-30","Present",8.5
2,1,"2025-09-29","Remote",8.0
3,1,"2025-09-26","Present",8.0
4,1,"2025-09-25","Present",9.0
5,1,"2025-09-24","Present",8.5
6,1,"2025-09-23","Remote",8.0
7,1,"2025-09-22","Present",9.0
8,1,"2025-09-19","Present",9.0
9,1,"2025-09-18","Present",8.5
10,1,"2025-09-17","Remote",8.0
11,1,"2025-09-16","Present",9.0
12,1,"2025-09-15","Present",8.5
13,1,"2025-09-12","Present",8.5
14,1,"2025-09-11","Remote",8.0
15,1,"2025-09-10","Present",9.0
16,1,"2025-09-09","Present",8.5
17,1,"2025-09-08","Present",8.0
18,1,"2025-09-05","Remote",8.0
19,1,"2025-09-04","Absent",0.0
20,1,"2025-09-03","Present",8.5
21,1,"2025-09-02","Present",8.0
22,1,"2025-09-01","Present",9.0
23,2,"2025-09-30","Present",9.0
24,2,"2025-09-29","Present",8.5
25,2,"2025-09-26","Present",8.5
26,2,"2025-09-25","Leave",0.0
27,2,"2025-09-24","Present",9.0
28,2,"2025-09-23","Present",8.5
29,2,"2025-09-22","Remote",8.0
30,2,"2025-09-19","Present",8.0
31,2,"2025-09-18","Present",9.0
32,2,"2025-09-17","Present",8.5
33,2,"2025-09-16","Remote",8.0
34,2,"2025-09-15","Present",9.0
35,2,"2025-09-12","Present",9.0
36,2,"2025-09-11","Present",8.5
37,2,"2025-09-10","Remote",8.0
38,2,"2025-09-09","Present",9.0
39,2,"2025-09-08","Absent",0.0
40,2,"2025-09-05","Present",8.5
41,2,"2025-09-04","Remote",8.0
42,2,"2025-09-03","Present",9.0
43,2,"2025-09-02","Present",8.5
44,2,"2025-09-01","Present",8.0
45,3,"2025-09-30","Present",8.0
46,3,"2025-09-29","Leave",0.0
47,3,"2025-09-26","Present",9.0
48,3,"2025-09-25","Present",8.5
49,3,"2025-09-24","Present",8.0
50,3,"2025-09-23","Present",9.0
51,3,"2025-09-22","Present",8.5
52,3,"2025-09-19","Present",8.5
53,3,"2025-09-18","Present",8.0
54,3,"2025-09-17","Present",9.0
55,3,"2025-09-16","Present",8.5
56,3,"2025-09-15","Remote",8.0
57,3,"2025-09-12","Absent",0.0
58,3,"2025-09-11","Present",9.0
59,3,"2025-09-10","Present",8.5
60,3,"2025-09-09","Remote",8.0
61,3,"2025-09-08","Present",9.0
62,3,"2025-09-05","Present",9.0
63,3,"2025-09-04","Present",8.5
64,3,"2025-09-03","Remote",8.0
65,3,"2025-09-02","Present",9.0
66,3,"2025-09-01","Present",8.5
67,4,"2025-09-30","Present",8.5
68,4,"2025-09-29","Present",8.0
69,4,"2025-09-26","Remote",8.0
70,4,"2025-09-25","Present",9.0
71,4,"2025-09-24","Present",8.5
72,4,"2025-09-23","Present",8.0
73,4,"2025-09-22","Present",9.0
74,4,"2025-09-19","Present",9.0
75,4,"2025-09-18","Present",8.5
76,4,"2025-09-17","Present",8.0
77,4,"2025-09-16","Absent",0.0
78,4,"2025-09-15","Present",8.5
79,4,"2025-09-12","Present",8.5
80,4,"2025-09-11","Present",8.0
81,4,"2025-09-10","Present",9.0
82,4,"2025-09-09","Present",8.5
83,4,"2025-09-08","Remote",8.0
84,4,"2025-09-05","Present",8.0
85,4,"2025-09-04","Present",9.0
86,4,"2025-09-03","Present",8.5
87,4,"2025-09-02","Remote",8.0
88,4,"2025-09-01","Present",9.0
89,5,"2025-09-30","Present",9.0
90,5,"2025-09-29","Present",8.5
91,5,"2025-09-26","Present",8.5
92,5,"2025-09-25","Remote",8.0
93,5,"2025-09-24","Present",9.0
94,5,"2025-09-23","Present",8.5
95,5,"2025-09-22","Present",8.0
96,5,"2025-09-19","Remote",8.0
97,5,"2025-09-18","Present",9.0
98,5,"2025-09-17","Present",8.5
99,5,"2025-09-16","Present",8.0
100,5,"2025-09-15","Present",9.0
101,5,"2025-09-12","Present",9.0
102,5,"2025-09-11","Present",8.5
103,5,"2025-09-10","Present",8.0
104,5,"2025-09-09","Present",9.0
105,5,"2025-09-08","Present",8.5
106,5,"2025-09-05","Present",8.5
107,5,"2025-09-04","Present",8.0
108,5,"2025-09-03","Leave",0.0
109,5,"2025-09-02","Present",8.5
110,5,"2025-09-01","Remote",8.0
111,6,"2025-09-30","Remote",8.0
112,6,"2025-09-29","Present",9.0
113,6,"2025-09-26","Present",9.0
114,6,"2025-09-25","Present",8.5
115,6,"2025-09-24","Absent",0.0
116,6,"2025-09-23","Present",9.0
117,6,"2025-09-22","Present",8.5
118,6,"2025-09-19","Present",8.5
119,6,"2025-09-18","Remote",8.0
120,6,"2025-09-17","Present",9.0
121,6,"2025-09-16","Present",8.5
122,6,"2025-09-15","Present",8.0
123,6,"2025-09-12","Remote",8.0
124,6,"2025-09-11","Present",9.0
125,6,"2025-09-10","Present",8.5
126,6,"2025-09-09","Present",8.0
127,6,"2025-09-08","Present",9.0
128,6,"2025-09-05","Present",9.0
129,6,"2025-09-04","Present",8.5
130,6,"2025-09-03","Present",8.0
131,6,"2025-09-02","Present",9.0
132,6,"2025-09-01","Absent",0.0
133,7,"2025-09-30","Present",8.5
134,7,"2025-09-29","Remote",8.0
135,7,"2025-09-26","Present",8.0
136,7,"2025-09-25","Present",9.0
137,7,"2025-09-24","Present",8.5
138,7,"2025-09-23","Remote",8.0
139,7,"2025-09-22","Present",9.0
140,7,"2025-09-19","Present",9.0
141,7,"2025-09-18","Present",8.5
142,7,"2025-09-17","Remote",8.0
143,7,"2025-09-16","Present",9.0
144,7,"2025-09-15","Present",8.5
145,7,"2025-09-12","Present",8.5
146,7,"2025-09-11","Leave",0.0
147,7,"2025-09-10","Present",9.0
148,7,"2025-09-09","Present",8.5
149,7,"2025-09-08","Present",8.0
150,7,"2025-09-05","Absent",0.0
151,7,"2025-09-04","Present",9.0
152,7,"2025-09-03","Present",8.5
153,7,"2025-09-02","Present",8.0
154,7,"2025-09-01","Present",9.0
155,8,"2025-09-30","Present",9.0
156,8,"2025-09-29","Present",8.5
157,8,"2025-09-26","Present",8.5
158,8,"2025-09-25","Present",8.0
159,8,"2025-09-24","Present",9.0
160,8,"2025-09-23","Present",8.5
161,8,"2025-09-22","Remote",8.0
162,8,"2025-09-19","Present",8.0
163,8,"2025-09-18","Present",9.0
164,8,"2025-09-17","Present",8.5
165,8,"2025-09-16","Remote",8.0
166,8,"2025-09-15","Leave",0.0
167,8,"2025-09-12","Present",9.0
168,8,"2025-09-11","Present",8.5
169,8,"2025-09-10","Remote",8.0
170,8,"2025-09-09","Absent",0.0
171,8,"2025-09-08","Present",8.5
172,8,"2025-09-05","Present",8.5
173,8,"2025-09-04","Remote",8.0
174,8,"2025-09-03","Present",9.0
175,8,"2025-09-02","Present",8.5
176,8,"2025-09-01","Present",8.0
177,9,"2025-09-30","Present",8.0
178,9,"2025-09-29","Present",9.0
179,9,"2025-09-26","Present",9.0
180,9,"2025-09-25","Present",8.5
181,9,"2025-09-24","Present",8.0
182,9,"2025-09-23","Present",9.0
183,9,"2025-09-22","Present",8.5
184,9,"2025-09-19","Leave",0.0
185,9,"2025-09-18","Present",8.0
186,9,"2025-09-17","Present",9.0
187,9,"2025-09-16","Present",8.5
188,9,"2025-09-15","Remote",8.0
189,9,"2025-09-12","Present",8.0
190,9,"2025-09-11","Present",9.0
191,9,"2025-09-10","Present",8.5
192,9,"2025-09-09","Remote",8.0
193,9,"2025-09-08","Present",9.0
194,9,"2025-09-05","Present",9.0
195,9,"2025-09-04","Present",8.5
196,9,"2025-09-03","Remote",8.0
197,9,"2025-09-02","Leave",0.0
198,9,"2025-09-01","Present",8.5
199,10,"2025-09-30","Present",8.5
200,10,"2025-09-29","Present",8.0
201,10,"2025-09-26","Remote",8.0
202,10,"2025-09-25","Present",9.0
203,10,"2025-09-24","Present",8.5
204,10,"2025-09-23","Leave",0.0
205,10,"2025-09-22","Present",9.0
206,10,"2025-09-19","Present",9.0
207,10,"2025-09-18","Present",8.5
208,10,"2025-09-17","Absent",0.0
209,10,"2025-09-16","Present",9.0
210,10,"2025-09-15","Present",8.5
211,10,"2025-09-12","Present",8.5
212,10,"2025-09-11","Present",8.0
213,10,"2025-09-10","Present",9.0
214,10,"2025-09-09","Present",8.5
215,10,"2025-09-08","Remote",8.0
216,10,"2025-09-05","Present",8.0
217,10,"2025-09-04","Present",9.0
218,10,"2025-09-03","Present",8.5
219,10,"2025-09-02","Remote",8.0
220,10,"2025-09-01","Present",9.0
221,11,"2025-09-30","Present",9.0
222,11,"2025-09-29","Present",8.5
223,11,"2025-09-26","Present",8.5
224,11,"2025-09-25","Remote",8.0
225,11,"2025-09-24","Present",9.0
226,11,"2025-09-23","Present",8.5
227,11,"2025-09-22","Present",8.0
228,11,"2025-09-19","Remote",8.0
229,11,"2025-09-18","Present",9.0
230,11,"2025-09-17","Present",8.5
231,11,"2025-09-16","Present",8.0
232,11,"2025-09-15","Present",9.0
233,11,"2025-09-12","Present",9.0
234,11,"2025-09-11","Present",8.5
235,11,"2025-09-10","Leave",0.0
236,11,"2025-09-09","Present",9.0
237,11,"2025-09-08","Present",8.5
238,11,"2025-09-05","Present",8.5
239,11,"2025-09-04","Present",8.0
240,11,"2025-09-03","Present",9.0
241,11,"2025-09-02","Present",8.5
242,11,"2025-09-01","Remote",8.0
243,12,"2025-09-30","Remote",8.0
244,12,"2025-09-29","Present",9.0
245,12,"2025-09-26","Present",9.0
246,12,"2025-09-25","Absent",0.0
247,12,"2025-09-24","Remote",8.0
248,12,"2025-09-23","Present",9.0
249,12,"2025-09-22","Present",8.5
250,12,"2025-09-19","Present",8.5
251,12,"2025-09-18","Remote",8.0
252,12,"2025-09-17","Present",9.0
253,12,"2025-09-16","Present",8.5
254,12,"2025-09-15","Present",8.0
255,12,"2025-09-12","Remote",8.0
256,12,"2025-09-11","Present",9.0
257,12,"2025-09-10","Present",8.5
258,12,"2025-09-09","Present",8.0
259,12,"2025-09-08","Present",9.0
260,12,"2025-09-05","Present",9.0
261,12,"2025-09-04","Present",8.5
262,12,"2025-09-03","Present",8.0
263,12,"2025-09-02","Absent",0.0
264,12,"2025-09-01","Present",8.5
265,13,"2025-09-30","Present",8.5
266,13,"2025-09-29","Absent",0.0
267,13,"2025-09-26","Present",8.0
268,13,"2025-09-25","Present",9.0
269,13,"2025-09-24","Present",8.5
270,13,"2025-09-23","Remote",8.0
271,13,"2025-09-22","Present",9.0
272,13,"2025-09-19","Present",9.0
273,13,"2025-09-18","Leave",0.0
274,13,"2025-09-17","Remote",8.0
275,13,"2025-09-16","Present",9.0
276,13,"2025-09-15","Present",8.5
277,13,"2025-09-12","Present",8.5
278,13,"2025-09-11","Remote",8.0
279,13,"2025-09-10","Present",9.0
280,13,"2025-09-09","Present",8.5
281,13,"2025-09-08","Present",8.0
282,13,"2025-09-05","Remote",8.0
283,13,"2025-09-04","Present",9.0
284,13,"2025-09-03","Present",8.5
285,13,"2025-09-02","Present",8.0
286,13,"2025-09-01","Leave",0.0
287,14,"2025-09-30","Present",9.0
288,14,"2025-09-29","Present",8.5
289,14,"2025-09-26","Present",8.5
290,14,"2025-09-25","Present",8.0
291,14,"2025-09-24","Present",9.0
292,14,"2025-09-23","Present",8.5
293,14,"2025-09-22","Leave",0.0
294,14,"2025-09-19","Present",8.0
295,14,"2025-09-18","Present",9.0
296,14,"2025-09-17","Present",8.5
297,14,"2025-09-16","Remote",8.0
298,14,"2025-09-15","Present",9.0
299,14,"2025-09-12","Present",9.0
300,14,"2025-09-11","Present",8.5
301,14,"2025-09-10","Absent",0.0
302,14,"2025-09-09","Present",9.0
303,14,"2025-09-08","Present",8.5
304,14,"2025-09-05","Leave",0.0
305,14,"2025-09-04","Remote",8.0
306,14,"2025-09-03","Present",9.0
307,14,"2025-09-02","Present",8.5
308,14,"2025-09-01","Present",8.0
309,16,"2025-09-30","Leave",0.0
310,16,"2025-09-29","Present",8.0
311,16,"2025-09-26","Remote",8.0
312,16,"2025-09-25","Present",9.0
313,16,"2025-09-24","Present",8.5
314,16,"2025-09-23","Present",8.0
315,16,"2025-09-22","Present",9.0
316,16,"2025-09-19","Present",9.0
317,16,"2025-09-18","Absent",0.0
318,16,"2025-09-17","Present",8.0
319,16,"2025-09-16","Present",9.0
320,16,"2025-09-15","Present",8.5
321,16,"2025-09-12","Present",8.5
322,16,"2025-09-11","Present",8.0
323,16,"2025-09-10","Present",9.0
324,16,"2025-09-09","Present",8.5
325,16,"2025-09-08","Remote",8.0
326,16,"2025-09-05","Present",8.0
327,16,"2025-09-04","Present",9.0
328,16,"2025-09-03","Present",8.5
329,16,"2025-09-02","Remote",8.0
330,16,"2025-09-01","Present",9.0
331,17,"2025-09-30","Present",9.0
332,17,"2025-09-29","Present",8.5
333,17,"2025-09-26","Present",8.5
334,17,"2025-09-25","Remote",8.0
335,17,"2025-09-24","Present",9.0
336,17,"2025-09-23","Present",8.5
337,17,"2025-09-22","Absent",0.0
338,17,"2025-09-19","Remote",8.0
339,17,"2025-09-18","Present",9.0
340,17,"2025-09-17","Leave",0.0
341,17,"2025-09-16","Present",8.0
342,17,"2025-09-15","Present",9.0
343,17,"2025-09-12","Present",9.0
344,17,"2025-09-11","Present",8.5
345,17,"2025-09-10","Present",8.0
346,17,"2025-09-09","Present",9.0
347,17,"2025-09-08","Present",8.5
348,17,"2025-09-05","Present",8.5
349,17,"2025-09-04","Present",8.0
350,17,"2025-09-03","Present",9.0
351,17,"2025-09-02","Present",8.5
352,17,"2025-09-01","Remote",8.0
353,18,"2025-09-30","Remote",8.0
354,18,"2025-09-29","Present",9.0
355,18,"2025-09-26","Absent",0.0
356,18,"2025-09-25","Present",8.5
357,18,"2025-09-24","Remote",8.0
358,18,"2025-09-23","Present",9.0
359,18,"2025-09-22","Present",8.5
360,18,"2025-09-19","Present",8.5
361,18,"2025-09-18","Remote",8.0
362,18,"2025-09-17","Present",9.0
363,18,"2025-09-16","Present",8.5
364,18,"2025-09-15","Present",8.0
365,18,"2025-09-12","Remote",8.0
366,18,"2025-09-11","Present",9.0
367,18,"2025-09-10","Present",8.5
368,18,"2025-09-09","Present",8.0
369,18,"2025-09-08","Present",9.0
370,18,"2025-09-05","Present",9.0
371,18,"2025-09-04","Leave",0.0
372,18,"2025-09-03","Absent",0.0
373,18,"2025-09-02","Present",9.0
374,18,"2025-09-01","Present",8.5
375,20,"2025-09-30","Present",9.0
376,20,"2025-09-29","Leave",0.0
377,20,"2025-09-26","Present",8.5
378,20,"2025-09-25","Present",8.0
379,20,"2025-09-24","Present",9.0
380,20,"2025-09-23","Present",8.5
381,20,"2025-09-22","Remote",8.0
382,20,"2025-09-19","Present",8.0
383,20,"2025-09-18","Present",9.0
384,20,"2025-09-17","Present",8.5
385,20,"2025-09-16","Remote",8.0
386,20,"2025-09-15","Present",9.0
387,20,"2025-09-12","Leave",0.0
388,20,"2025-09-11","Absent",0.0
389,20,"2025-09-10","Remote",8.0
390,20,"2025-09-09","Present",9.0
391,20,"2025-09-08","Present",8.5
392,20,"2025-09-05","Present",8.5
393,20,"2025-09-04","Remote",8.0
394,20,"2025-09-03","Present",9.0
395,20,"2025-09-02","Present",8.5
396,20,"2025-09-01","Present",8.0
397,21,"2025-09-30","Present",8.0
398,21,"2025-09-29","Present",9.0
399,21,"2025-09-26","Present",9.0
400,21,"2025-09-25","Present",8.5
401,21,"2025-09-24","Present",8.0
402,21,"2025-09-23","Present",9.0
403,21,"2025-09-22","Present",8.5
404,21,"2025-09-19","Present",8.5
405,21,"2025-09-18","Present",8.0
406,21,"2025-09-17","Present",9.0
407,21,"2025-09-16","Leave",0.0
408,21,"2025-09-15","Absent",0.0
409,21,"2025-09-12","Present",8.0
410,21,"2025-09-11","Present",9.0
411,21,"2025-09-10","Present",8.5
412,21,"2025-09-09","Remote",8.0
413,21,"2025-09-08","Present",9.0
414,21,"2025-09-05","Present",9.0
415,21,"2025-09-04","Present",8.5
416,21,"2025-09-03","Remote",8.0
417,21,"2025-09-02","Present",9.0
418,21,"2025-09-01","Present",8.5
419,22,"2025-09-30","Present",8.5
420,22,"2025-09-29","Present",8.0
421,22,"2025-09-26","Remote",8.0
422,22,"2025-09-25","Present",9.0
423,22,"2025-09-24","Present",8.5
424,22,"2025-09-23","Present",8.0
425,22,"2025-09-22","Present",9.0
426,22,"2025-09-19","Absent",0.0
427,22,"2025-09-18","Present",8.5
428,22,"2025-09-17","Present",8.0
429,22,"2025-09-16","Present",9.0
430,22,"2025-09-15","Present",8.5
431,22,"2025-09-12","Present",8.5
432,22,"2025-09-11","Present",8.0
433,22,"2025-09-10","Present",9.0
434,22,"2025-09-09","Present",8.5
435,22,"2025-09-08","Remote",8.0
436,22,"2025-09-05","Present",8.0
437,22,"2025-09-04","Present",9.0
438,22,"2025-09-03","Leave",0.0
439,22,"2025-09-02","Remote",8.0
440,22,"2025-09-01","Present",9.0
441,23,"2025-09-30","Present",9.0
442,23,"2025-09-29","Present",8.5
443,23,"2025-09-26","Present",8.5
444,23,"2025-09-25","Remote",8.0
445,23,"2025-09-24","Leave",0.0
446,23,"2025-09-23","Absent",0.0
447,23,"2025-09-22","Present",8.0
448,23,"2025-09-19","Remote",8.0
449,23,"2025-09-18","Present",9.0
450,23,"2025-09-17","Present",8.5
451,23,"2025-09-16","Present",8.0
452,23,"2025-09-15","Present",9.0
453,23,"2025-09-12","Present",9.0
454,23,"2025-09-11","Present",8.5
455,23,"2025-09-10","Present",8.0
456,23,"2025-09-09","Present",9.0
457,23,"2025-09-08","Present",8.5
458,23,"2025-09-05","Present",8.5
459,23,"2025-09-04","Present",8.0
460,23,"2025-09-03","Present",9.0
461,23,"2025-09-02","Present",8.5
462,23,"2025-09-01","Remote",8.0
463,25,"2025-09-30","Present",8.5
464,25,"2025-09-29","Remote",8.0
465,25,"2025-09-26","Present",8.0
466,25,"2025-09-25","Present",9.0
467,25,"2025-09-24","Present",8.5
468,25,"2025-09-23","Remote",8.0
469,25,"2025-09-22","Present",9.0
470,25,"2025-09-19","Present",9.0
471,25,"2025-09-18","Present",8.5
472,25,"2025-09-17","Remote",8.0
473,25,"2025-09-16","Present",9.0
474,25,"2025-09-15","Leave",0.0
475,25,"2025-09-12","Present",8.5
476,25,"2025-09-11","Remote",8.0
477,25,"2025-09-10","Present",9.0
478,25,"2025-09-09","Present",8.5
479,25,"2025-09-08","Absent",0.0
480,25,"2025-09-05","Remote",8.0
481,25,"2025-09-04","Present",9.0
482,25,"2025-09-03","Present",8.5
483,25,"2025-09-02","Present",8.0
484,25,"2025-09-01","Present",9.0
485,26,"2025-09-30","Present",9.0
486,26,"2025-09-29","Present",8.5
487,26,"2025-09-26","Present",8.5
488,26,"2025-09-25","Present",8.0
489,26,"2025-09-24","Present",9.0
490,26,"2025-09-23","Present",8.5
491,26,"2025-09-22","Remote",8.0
492,26,"2025-09-19","Leave",0.0
493,26,"2025-09-18","Present",9.0
494,26,"2025-09-17","Present",8.5
495,26,"2025-09-16","Remote",8.0
496,26,"2025-09-15","Present",9.0
497,26,"2025-09-12","Absent",0.0
498,26,"2025-09-11","Present",8.5
499,26,"2025-09-10","Remote",8.0
500,26,"2025-09-09","Present",9.0
501,26,"2025-09-08","Present",8.5
502,26,"2025-09-05","Present",8.5
503,26,"2025-09-04","Remote",8.0
504,26,"2025-09-03","Present",9.0
505,26,"2025-09-02","Leave",0.0
506,26,"2025-09-01","Present",8.0
507,27,"2025-09-30","Present",8.0
508,27,"2025-09-29","Present",9.0
509,27,"2025-09-26","Present",9.0
510,27,"2025-09-25","Present",8.5
511,27,"2025-09-24","Present",8.0
512,27,"2025-09-23","Leave",0.0
513,27,"2025-09-22","Present",8.5
514,27,"2025-09-19","Present",8.5
515,27,"2025-09-18","Present",8.0
516,27,"2025-09-17","Present",9.0
517,27,"2025-09-16","Absent",0.0
518,27,"2025-09-15","Remote",8.0
519,27,"2025-09-12","Present",8.0
520,27,"2025-09-11","Present",9.0
521,27,"2025-09-10","Present",8.5
522,27,"2025-09-09","Remote",8.0
523,27,"2025-09-08","Present",9.0
524,27,"2025-09-05","Present",9.0
525,27,"2025-09-04","Present",8.5
526,27,"2025-09-03","Remote",8.0
527,27,"2025-09-02","Present",9.0
528,27,"2025-09-01","Present",8.5
529,28,"2025-09-30","Present",8.5
530,28,"2025-09-29","Present",8.0
531,28,"2025-09-26","Remote",8.0
532,28,"2025-09-25","Present",9.0
533,28,"2025-09-24","Present",8.5
534,28,"2025-09-23","Present",8.0
535,28,"2025-09-22","Present",9.0
536,28,"2025-09-19","Present",9.0
537,28,"2025-09-18","Present",8.5
538,28,"2025-09-17","Present",8.0
539,28,"2025-09-16","Present",9.0
540,28,"2025-09-15","Present",8.5
541,28,"2025-09-12","Present",8.5
542,28,"2025-09-11","Present",8.0
543,28,"2025-09-10","Leave",0.0
544,28,"2025-09-09","Present",8.5
545,28,"2025-09-08","Remote",8.0
546,28,"2025-09-05","Present",8.0
547,28,"2025-09-04","Present",9.0
548,28,"2025-09-03","Present",8.5
549,28,"2025-09-02","Remote",8.0
550,28,"2025-09-01","Present",9.0
551,29,"2025-09-30","Present",9.0
552,29,"2025-09-29","Present",8.5
553,29,"2025-09-26","Present",8.5
554,29,"2025-09-25","Remote",8.0
555,29,"2025-09-24","Absent",0.0
556,29,"2025-09-23","Present",8.5
557,29,"2025-09-22","Present",8.0
558,29,"2025-09-19","Remote",8.0
559,29,"2025-09-18","Present",9.0
560,29,"2025-09-17","Present",8.5
561,29,"2025-09-16","Present",8.0
562,29,"2025-09-15","Present",9.0
563,29,"2025-09-12","Present",9.0
564,29,"2025-09-11","Present",8.5
565,29,"2025-09-10","Present",8.0
566,29,"2025-09-09","Present",9.0
567,29,"2025-09-08","Present",8.5
568,29,"2025-09-05","Present",8.5
569,29,"2025-09-04","Present",8.0
570,29,"2025-09-03","Present",9.0
571,29,"2025-09-02","Present",8.5
572,29,"2025-09-01","Absent",0.0
573,31,"2025-09-30","Present",8.5
574,31,"2025-09-29","Remote",8.0
575,31,"2025-09-26","Present",8.0
576,31,"2025-09-25","Present",9.0
577,31,"2025-09-24","Present",8.5
578,31,"2025-09-23","Remote",8.0
579,31,"2025-09-22","Leave",0.0
580,31,"2025-09-19","Present",9.0
581,31,"2025-09-18","Present",8.5
582,31,"2025-09-17","Remote",8.0
583,31,"2025-09-16","Present",9.0
584,31,"2025-09-15","Present",8.5
585,31,"2025-09-12","Present",8.5
586,31,"2025-09-11","Remote",8.0
587,31,"2025-09-10","Present",9.0
588,31,"2025-09-09","Absent",0.0
589,31,"2025-09-08","Present",8.0
590,31,"2025-09-05","Leave",0.0
591,31,"2025-09-04","Present",9.0
592,31,"2025-09-03","Present",8.5
593,31,"2025-09-02","Present",8.0
594,31,"2025-09-01","Present",9.0
595,32,"2025-09-30","Present",9.0
596,32,"2025-09-29","Present",8.5
597,32,"2025-09-26","Leave",0.0
598,32,"2025-09-25","Present",8.0
599,32,"2025-09-24","Present",9.0
600,32,"2025-09-23","Present",8.5
601,32,"2025-09-22","Remote",8.0
602,32,"2025-09-19","Present",8.0
603,32,"2025-09-18","Present",9.0
604,32,"2025-09-17","Present",8.5
605,32,"2025-09-16","Remote",8.0
606,32,"2025-09-15","Present",9.0
607,32,"2025-09-12","Present",9.0
608,32,"2025-09-11","Present",8.5
609,32,"2025-09-10","Remote",8.0
610,32,"2025-09-09","Leave",0.0
611,32,"2025-09-08","Present",8.5
612,32,"2025-09-05","Present",8.5
613,32,"2025-09-04","Remote",8.0
614,32,"2025-09-03","Present",9.0
615,32,"2025-09-02","Present",8.5
616,32,"2025-09-01","Present",8.0
617,33,"2025-09-30","Leave",0.0
618,33,"2025-09-29","Present",9.0
619,33,"2025-09-26","Present",9.0
620,33,"2025-09-25","Present",8.5
621,33,"2025-09-24","Present",8.0
622,33,"2025-09-23","Present",9.0
623,33,"2025-09-22","Present",8.5
624,33,"2025-09-19","Present",8.5
625,33,"2025-09-18","Present",8.0
626,33,"2025-09-17","Absent",0.0
627,33,"2025-09-16","Present",8.5
628,33,"2025-09-15","Remote",8.0
629,33,"2025-09-12","Present",8.0
630,33,"2025-09-11","Present",9.0
631,33,"2025-09-10","Present",8.5
632,33,"2025-09-09","Remote",8.0
633,33,"2025-09-08","Present",9.0
634,33,"2025-09-05","Present",9.0
635,33,"2025-09-04","Present",8.5
636,33,"2025-09-03","Remote",8.0
637,33,"2025-09-02","Present",9.0
638,33,"2025-09-01","Present",8.5
639,35,"2025-09-30","Present",9.0
640,35,"2025-09-29","Present",8.5
641,35,"2025-09-26","Present",8.5
642,35,"2025-09-25","Absent",0.0
643,35,"2025-09-24","Present",9.0
644,35,"2025-09-23","Present",8.5
645,35,"2025-09-22","Present",8.0
646,35,"2025-09-19","Remote",8.0
647,35,"2025-09-18","Present",9.0
648,35,"2025-09-17","Present",8.5
649,35,"2025-09-16","Present",8.0
650,35,"2025-09-15","Present",9.0
651,35,"2025-09-12","Present",9.0
652,35,"2025-09-11","Present",8.5
653,35,"2025-09-10","Present",8.0
654,35,"2025-09-09","Present",9.0
655,35,"2025-09-08","Present",8.5
656,35,"2025-09-05","Present",8.5
657,35,"2025-09-04","Leave",0.0
658,35,"2025-09-03","Present",9.0
659,35,"2025-09-02","Absent",0.0
660,35,"2025-09-01","Remote",8.0
661,36,"2025-09-30","Remote",8.0
662,36,"2025-09-29","Absent",0.0
663,36,"2025-09-26","Present",9.0
664,36,"2025-09-25","Leave",0.0
665,36,"2025-09-24","Remote",8.0
666,36,"2025-09-23","Present",9.0
667,36,"2025-09-22","Present",8.5
668,36,"2025-09-19","Present",8.5
669,36,"2025-09-18","Remote",8.0
670,36,"2025-09-17","Present",9.0
671,36,"2025-09-16","Present",8.5
672,36,"2025-09-15","Present",8.0
673,36,"2025-09-12","Remote",8.0
674,36,"2025-09-11","Present",9.0
675,36,"2025-09-10","Present",8.5
676,36,"2025-09-09","Present",8.0
677,36,"2025-09-08","Leave",0.0
678,36,"2025-09-05","Present",9.0
679,36,"2025-09-04","Present",8.5
680,36,"2025-09-03","Present",8.0
681,36,"2025-09-02","Present",9.0
682,36,"2025-09-01","Present",8.5
683,37,"2025-09-30","Present",8.5
684,37,"2025-09-29","Leave",0.0
685,37,"2025-09-26","Present",8.0
686,37,"2025-09-25","Present",9.0
687,37,"2025-09-24","Present",8.5
688,37,"2025-09-23","Remote",8.0
689,37,"2025-09-22","Present",9.0
690,37,"2025-09-19","Present",9.0
691,37,"2025-09-18","Present",8.5
692,37,"2025-09-17","Remote",8.0
693,37,"2025-09-16","Present",9.0
694,37,"2025-09-15","Present",8.5
695,37,"2025-09-12","Leave",0.0
696,37,"2025-09-11","Remote",8.0
697,37,"2025-09-10","Absent",0.0
698,37,"2025-09-09","Present",8.5
699,37,"2025-09-08","Present",8.0
700,37,"2025-09-05","Remote",8.0
701,37,"2025-09-04","Present",9.0
702,37,"2025-09-03","Present",8.5
703,37,"2025-09-02","Present",8.0
704,37,"2025-09-01","Present",9.0
705,38,"2025-09-30","Present",9.0
706,38,"2025-09-29","Present",8.5
707,38,"2025-09-26","Present",8.5
708,38,"2025-09-25","Present",8.0
709,38,"2025-09-24","Present",9.0
710,38,"2025-09-23","Present",8.5
711,38,"2025-09-22","Remote",8.0
712,38,"2025-09-19","Present",8.0
713,38,"2025-09-18","Present",9.0
714,38,"2025-09-17","Present",8.5
715,38,"2025-09-16","Leave",0.0
716,38,"2025-09-15","Present",9.0
717,38,"2025-09-12","Present",9.0
718,38,"2025-09-11","Present",8.5
719,38,"2025-09-10","Remote",8.0
720,38,"2025-09-09","Present",9.0
721,38,"2025-09-08","Present",8.5
722,38,"2025-09-05","Present",8.5
723,38,"2025-09-04","Remote",8.0
724,38,"2025-09-03","Present",9.0
725,38,"2025-09-02","Present",8.5
726,38,"2025-09-01","Present",8.0
727,39,"2025-09-30","Present",8.0
728,39,"2025-09-29","Present",9.0
729,39,"2025-09-26","Present",9.0
730,39,"2025-09-25","Present",8.5
731,39,"2025-09-24","Present",8.0
732,39,"2025-09-23","Present",9.0
733,39,"2025-09-22","Present",8.5
734,39,"2025-09-19","Present",8.5
735,39,"2025-09-18","Absent",0.0
736,39,"2025-09-17","Present",9.0
737,39,"2025-09-16","Present",8.5
738,39,"2025-09-15","Remote",8.0
739,39,"2025-09-12","Present",8.0
740,39,"2025-09-11","Present",9.0
741,39,"2025-09-10","Present",8.5
742,39,"2025-09-09","Remote",8.0
743,39,"2025-09-08","Present",9.0
744,39,"2025-09-05","Present",9.0
745,39,"2025-09-04","Present",8.5
746,39,"2025-09-03","Leave",0.0
747,39,"2025-09-02","Present",9.0
748,39,"2025-09-01","Present",8.5
749,40,"2025-09-30","Present",8.5
750,40,"2025-09-29","Present",8.0
751,40,"2025-09-26","Remote",8.0
752,40,"2025-09-25","Present",9.0
753,40,"2025-09-24","Leave",0.0
754,40,"2025-09-23","Present",8.0
755,40,"2025-09-22","Absent",0.0
756,40,"2025-09-19","Present",9.0
757,40,"2025-09-18","Present",8.5
758,40,"2025-09-17","Present",8.0
759,40,"2025-09-16","Present",9.0
760,40,"2025-09-15","Present",8.5
761,40,"2025-09-12","Present",8.5
762,40,"2025-09-11","Present",8.0
763,40,"2025-09-10","Present",9.0
764,40,"2025-09-09","Present",8.5
765,40,"2025-09-08","Remote",8.0
766,40,"2025-09-05","Present",8.0
767,40,"2025-09-04","Present",9.0
768,40,"2025-09-03","Present",8.5
769,40,"2025-09-02","Remote",8.0
770,40,"2025-09-01","Present",9.0
771,42,"2025-09-30","Absent",0.0
772,42,"2025-09-29","Present",9.0
773,42,"2025-09-26","Present",9.0
774,42,"2025-09-25","Present",8.5
775,42,"2025-09-24","Remote",8.0
776,42,"2025-09-23","Present",9.0
777,42,"2025-09-22","Present",8.5
778,42,"2025-09-19","Present",8.5
779,42,"2025-09-18","Remote",8.0
780,42,"2025-09-17","Present",9.0
781,42,"2025-09-16","Present",8.5
782,42,"2025-09-15","Leave",0.0
783,42,"2025-09-12","Remote",8.0
784,42,"2025-09-11","Present",9.0
785,42,"2025-09-10","Present",8.5
786,42,"2025-09-09","Present",8.0
787,42,"2025-09-08","Present",9.0
788,42,"2025-09-05","Present",9.0
789,42,"2025-09-04","Present",8.5
790,42,"2025-09-03","Present",8.0
791,42,"2025-09-02","Present",9.0
792,42,"2025-09-01","Present",8.5
793,43,"2025-09-30","Present",8.5
794,43,"2025-09-29","Remote",8.0
795,43,"2025-09-26","Present",8.0
796,43,"2025-09-25","Present",9.0
797,43,"2025-09-24","Present",8.5
798,43,"2025-09-23","Remote",8.0
799,43,"2025-09-22","Present",9.0
800,43,"2025-09-19","Leave",0.0
801,43,"2025-09-18","Present",8.5
802,43,"2025-09-17","Remote",8.0
803,43,"2025-09-16","Present",9.0
804,43,"2025-09-15","Present",8.5
805,43,"2025-09-12","Present",8.5
806,43,"2025-09-11","Absent",0.0
807,43,"2025-09-10","Present",9.0
808,43,"2025-09-09","Present",8.5
809,43,"2025-09-08","Present",8.0
810,43,"2025-09-05","Remote",8.0
811,43,"2025-09-04","Present",9.0
812,43,"2025-09-03","Present",8.5
813,43,"2025-09-02","Leave",0.0
814,43,"2025-09-01","Present",9.0
815,44,"2025-09-30","Present",9.0
816,44,"2025-09-29","Present",8.5
817,44,"2025-09-26","Present",8.5
818,44,"2025-09-25","Present",8.0
819,44,"2025-09-24","Present",9.0
820,44,"2025-09-23","Leave",0.0
821,44,"2025-09-22","Remote",8.0
822,44,"2025-09-19","Present",8.0
823,44,"2025-09-18","Present",9.0
824,44,"2025-09-17","Present",8.5
825,44,"2025-09-16","Remote",8.0
826,44,"2025-09-15","Absent",0.0
827,44,"2025-09-12","Present",9.0
828,44,"2025-09-11","Present",8.5
829,44,"2025-09-10","Remote",8.0
830,44,"2025-09-09","Present",9.0
831,44,"2025-09-08","Present",8.5
832,44,"2025-09-05","Present",8.5
833,44,"2025-09-04","Remote",8.0
834,44,"2025-09-03","Present",9.0
835,44,"2025-09-02","Present",8.5
836,44,"2025-09-01","Present",8.0
837,45,"2025-09-30","Present",8.0
838,45,"2025-09-29","Present",9.0
839,45,"2025-09-26","Present",9.0
840,45,"2025-09-25","Present",8.5
841,45,"2025-09-24","Present",8.0
842,45,"2025-09-23","Present",9.0
843,45,"2025-09-22","Present",8.5
844,45,"2025-09-19","Absent",0.0
845,45,"2025-09-18","Present",8.0
846,45,"2025-09-17","Present",9.0
847,45,"2025-09-16","Present",8.5
848,45,"2025-09-15","Remote",8.0
849,45,"2025-09-12","Present",8.0
850,45,"2025-09-11","Present",9.0
851,45,"2025-09-10","Leave",0.0
852,45,"2025-09-09","Remote",8.0
853,45,"2025-09-08","Present",9.0
854,45,"2025-09-05","Present",9.0
855,45,"2025-09-04","Present",8.5
856,45,"2025-09-03","Remote",8.0
857,45,"2025-09-02","Present",9.0
858,45,"2025-09-01","Present",8.5
859,46,"2025-09-30","Present",8.5
860,46,"2025-09-29","Present",8.0
861,46,"2025-09-26","Remote",8.0
862,46,"2025-09-25","Present",9.0
863,46,"2025-09-24","Present",8.5
864,46,"2025-09-23","Absent",0.0
865,46,"2025-09-22","Present",9.0
866,46,"2025-09-19","Present",9.0
867,46,"2025-09-18","Present",8.5
868,46,"2025-09-17","Present",8.0
869,46,"2025-09-16","Present",9.0
870,46,"2025-09-15","Present",8.5
871,46,"2025-09-12","Present",8.5
872,46,"2025-09-11","Present",8.0
873,46,"2025-09-10","Present",9.0
874,46,"2025-09-09","Present",8.5
875,46,"2025-09-08","Remote",8.0
876,46,"2025-09-05","Present",8.0
877,46,"2025-09-04","Present",9.0
878,46,"2025-09-03","Present",8.5
879,46,"2025-09-02","Remote",8.0
880,46,"2025-09-01","Present",9.0
881,47,"2025-09-30","Present",9.0
882,47,"2025-09-29","Present",8.5
883,47,"2025-09-26","Present",8.5
884,47,"2025-09-25","Remote",8.0
885,47,"2025-09-24","Present",9.0
886,47,"2025-09-23","Present",8.5
887,47,"2025-09-22","Present",8.0
888,47,"2025-09-19","Remote",8.0
889,47,"2025-09-18","Leave",0.0
890,47,"2025-09-17","Present",8.5
891,47,"2025-09-16","Present",8.0
892,47,"2025-09-15","Present",9.0
893,47,"2025-09-12","Present",9.0
894,47,"2025-09-11","Present",8.5
895,47,"2025-09-10","Present",8.0
896,47,"2025-09-09","Present",9.0
897,47,"2025-09-08","Present",8.5
898,47,"2025-09-05","Present",8.5
899,47,"2025-09-04","Absent",0.0
900,47,"2025-09-03","Present",9.0
901,47,"2025-09-02","Present",8.5
902,47,"2025-09-01","Leave",0.0
903,48,"2025-09-30","Remote",8.0
904,48,"2025-09-29","Present",9.0
905,48,"2025-09-26","Present",9.0
906,48,"2025-09-25","Present",8.5
907,48,"2025-09-24","Remote",8.0
908,48,"2025-09-23","Present",9.0
909,48,"2025-09-22","Leave",0.0
910,48,"2025-09-19","Present",8.5
911,48,"2025-09-18","Remote",8.0
912,48,"2025-09-17","Present",9.0
913,48,"2025-09-16","Present",8.5
914,48,"2025-09-15","Present",8.0
915,48,"2025-09-12","Remote",8.0
916,48,"2025-09-11","Present",9.0
917,48,"2025-09-10","Present",8.5
918,48,"2025-09-09","Present",8.0
919,48,"2025-09-08","Absent",0.0
920,48,"2025-09-05","Leave",0.0
921,48,"2025-09-04","Present",8.5
922,48,"2025-09-03","Present",8.0
923,48,"2025-09-02","Present",9.0
924,48,"2025-09-01","Present",8.5
925,49,"2025-09-30","Present",8.5
926,49,"2025-09-29","Remote",8.0
927,49,"2025-09-26","Leave",0.0
928,49,"2025-09-25","Present",9.0
929,49,"2025-09-24","Present",8.5
930,49,"2025-09-23","Remote",8.0
931,49,"2025-09-22","Present",9.0
932,49,"2025-09-19","Present",9.0
933,49,"2025-09-18","Present",8.5
934,49,"2025-09-17","Remote",8.0
935,49,"2025-09-16","Present",9.0
936,49,"2025-09-15","Present",8.5
937,49,"2025-09-12","Absent",0.0
938,49,"2025-09-11","Remote",8.0
939,49,"2025-09-10","Present",9.0
940,49,"2025-09-09","Leave",0.0
941,49,"2025-09-08","Present",8.0
942,49,"2025-09-05","Remote",8.0
943,49,"2025-09-04","Present",9.0
944,49,"2025-09-03","Present",8.5
945,49,"2025-09-02","Present",8.0
946,49,"2025-09-01","Present",9.0
947,51,"2025-09-30","Present",8.0
948,51,"2025-09-29","Present",9.0
949,51,"2025-09-26","Present",9.0
950,51,"2025-09-25","Present",8.5
951,51,"2025-09-24","Present",8.0
952,51,"2025-09-23","Present",9.0
953,51,"2025-09-22","Present",8.5
954,51,"2025-09-19","Present",8.5
955,51,"2025-09-18","Present",8.0
956,51,"2025-09-17","Leave",0.0
957,51,"2025-09-16","Present",8.5
958,51,"2025-09-15","Remote",8.0
959,51,"2025-09-12","Present",8.0
960,51,"2025-09-11","Present",9.0
961,51,"2025-09-10","Present",8.5
962,51,"2025-09-09","Remote",8.0
963,51,"2025-09-08","Present",9.0
964,51,"2025-09-05","Present",9.0
965,51,"2025-09-04","Present",8.5
966,51,"2025-09-03","Remote",8.0
967,51,"2025-09-02","Present",9.0
968,51,"2025-09-01","Present",8.5
969,52,"2025-09-30","Present",8.5
970,52,"2025-09-29","Present",8.0
971,52,"2025-09-26","Remote",8.0
972,52,"2025-09-25","Present",9.0
973,52,"2025-09-24","Absent",0.0
974,52,"2025-09-23","Present",8.0
975,52,"2025-09-22","Present",9.0
976,52,"2025-09-19","Present",9.0
977,52,"2025-09-18","Present",8.5
978,52,"2025-09-17","Present",8.0
979,52,"2025-09-16","Present",9.0
980,52,"2025-09-15","Present",8.5
981,52,"2025-09-12","Present",8.5
982,52,"2025-09-11","Present",8.0
983,52,"2025-09-10","Present",9.0
984,52,"2025-09-09","Present",8.5
985,52,"2025-09-08","Remote",8.0
986,52,"2025-09-05","Present",8.0
987,52,"2025-09-04","Leave",0.0
988,52,"2025-09-03","Present",8.5
989,52,"2025-09-02","Remote",8.0
990,52,"2025-09-01","Absent",0.0
991,53,"2025-09-30","Present",9.0
992,53,"2025-09-29","Present",8.5
993,53,"2025-09-26","Present",8.5
994,53,"2025-09-25","Leave",0.0
995,53,"2025-09-24","Present",9.0
996,53,"2025-09-23","Present",8.5
997,53,"2025-09-22","Present",8.0
998,53,"2025-09-19","Remote",8.0
999,53,"2025-09-18","Present",9.0
1000,53,"2025-09-17","Present",8.5
1001,53,"2025-09-16","Present",8.0
1002,53,"2025-09-15","Present",9.0
1003,53,"2025-09-12","Present",9.0
1004,53,"2025-09-11","Present",8.5
1005,53,"2025-09-10","Present",8.0
1006,53,"2025-09-09","Present",9.0
1007,53,"2025-09-08","Leave",0.0
1008,53,"2025-09-05","Absent",0.0
1009,53,"2025-09-04","Present",8.0
1010,53,"2025-09-03","Present",9.0
1011,53,"2025-09-02","Present",8.5
1012,53,"2025-09-01","Remote",8.0
1013,54,"2025-09-30","Remote",8.0
1014,54,"2025-09-29","Leave",0.0
1015,54,"2025-09-26","Present",9.0
1016,54,"2025-09-25","Present",8.5
1017,54,"2025-09-24","Remote",8.0
1018,54,"2025-09-23","Present",9.0
1019,54,"2025-09-22","Present",8.5
1020,54,"2025-09-19","Present",8.5
1021,54,"2025-09-18","Remote",8.0
1022,54,"2025-09-17","Present",9.0
1023,54,"2025-09-16","Present",8.5
1024,54,"2025-09-15","Present",8.0
1025,54,"2025-09-12","Leave",0.0
1026,54,"2025-09-11","Present",9.0
1027,54,"2025-09-10","Present",8.5
1028,54,"2025-09-09","Absent",0.0
1029,54,"2025-09-08","Present",9.0
1030,54,"2025-09-05","Present",9.0
1031,54,"2025-09-04","Present",8.5
1032,54,"2025-09-03","Present",8.0
1033,54,"2025-09-02","Present",9.0
1034,54,"2025-09-01","Present",8.5
1035,55,"2025-09-30","Present",8.5
1036,55,"2025-09-29","Remote",8.0
1037,55,"2025-09-26","Present",8.0
1038,55,"2025-09-25","Present",9.0
1039,55,"2025-09-24","Present",8.5
1040,55,"2025-09-23","Remote",8.0
1041,55,"2025-09-22","Present",9.0
1042,55,"2025-09-19","Present",9.0
1043,55,"2025-09-18","Present",8.5
1044,55,"2025-09-17","Remote",8.0
1045,55,"2025-09-16","Leave",0.0
1046,55,"2025-09-15","Present",8.5
1047,55,"2025-09-12","Present",8.5
1048,55,"2025-09-11","Remote",8.0
1049,55,"2025-09-10","Present",9.0
1050,55,"2025-09-09","Present",8.5
1051,55,"2025-09-08","Present",8.0
1052,55,"2025-09-05","Remote",8.0
1053,55,"2025-09-04","Present",9.0
1054,55,"2025-09-03","Present",8.5
1055,55,"2025-09-02","Present",8.0
1056,55,"2025-09-01","Present",9.0
1057,57,"2025-09-30","Present",8.0
1058,57,"2025-09-29","Present",9.0
1059,57,"2025-09-26","Present",9.0
1060,57,"2025-09-25","Present",8.5
1061,57,"2025-09-24","Leave",0.0
1062,57,"2025-09-23","Present",9.0
1063,57,"2025-09-22","Present",8.5
1064,57,"2025-09-19","Present",8.5
1065,57,"2025-09-18","Present",8.0
1066,57,"2025-09-17","Present",9.0
1067,57,"2025-09-16","Present",8.5
1068,57,"2025-09-15","Remote",8.0
1069,57,"2025-09-12","Present",8.0
1070,57,"2025-09-11","Present",9.0
1071,57,"2025-09-10","Present",8.5
1072,57,"2025-09-09","Remote",8.0
1073,57,"2025-09-08","Present",9.0
1074,57,"2025-09-05","Present",9.0
1075,57,"2025-09-04","Present",8.5
1076,57,"2025-09-03","Remote",8.0
1077,57,"2025-09-02","Present",9.0
1078,57,"2025-09-01","Present",8.5
1079,58,"2025-09-30","Present",8.5
1080,58,"2025-09-29","Present",8.0
1081,58,"2025-09-26","Remote",8.0
1082,58,"2025-09-25","Absent",0.0
1083,58,"2025-09-24","Present",8.5
1084,58,"2025-09-23","Present",8.0
1085,58,"2025-09-22","Present",9.0
1086,58,"2025-09-19","Present",9.0
1087,58,"2025-09-18","Present",8.5
1088,58,"2025-09-17","Present",8.0
1089,58,"2025-09-16","Present",9.0
1090,58,"2025-09-15","Present",8.5
1091,58,"2025-09-12","Present",8.5
1092,58,"2025-09-11","Leave",0.0
1093,58,"2025-09-10","Present",9.0
1094,58,"2025-09-09","Present",8.5
1095,58,"2025-09-08","Remote",8.0
1096,58,"2025-09-05","Present",8.0
1097,58,"2025-09-04","Present",9.0
1098,58,"2025-09-03","Present",8.5
1099,58,"2025-09-02","Absent",0.0
1100,58,"2025-09-01","Present",9.0
1101,60,"2025-09-30","Remote",8.0
1102,60,"2025-09-29","Present",9.0
1103,60,"2025-09-26","Present",9.0
1104,60,"2025-09-25","Present",8.5
1105,60,"2025-09-24","Remote",8.0
1106,60,"2025-09-23","Present",9.0
1107,60,"2025-09-22","Present",8.5
1108,60,"2025-09-19","Leave",0.0
1109,60,"2025-09-18","Remote",8.0
1110,60,"2025-09-17","Present",9.0
1111,60,"2025-09-16","Present",8.5
1112,60,"2025-09-15","Present",8.0
1113,60,"2025-09-12","Remote",8.0
1114,60,"2025-09-11","Present",9.0
1115,60,"2025-09-10","Absent",0.0
1116,60,"2025-09-09","Present",8.0
1117,60,"2025-09-08","Present",9.0
1118,60,"2025-09-05","Present",9.0
1119,60,"2025-09-04","Present",8.5
1120,60,"2025-09-03","Present",8.0
1121,60,"2025-09-02","Leave",0.0
1122,60,"2025-09-01","Present",8.5
1123,61,"2025-09-30","Present",8.5
1124,61,"2025-09-29","Remote",8.0
1125,61,"2025-09-26","Present",8.0
1126,61,"2025-09-25","Present",9.0
1127,61,"2025-09-24","Present",8.5
1128,61,"2025-09-23","Leave",0.0
1129,61,"2025-09-22","Present",9.0
1130,61,"2025-09-19","Present",9.0
1131,61,"2025-09-18","Present",8.5
1132,61,"2025-09-17","Remote",8.0
1133,61,"2025-09-16","Present",9.0
1134,61,"2025-09-15","Present",8.5
1135,61,"2025-09-12","Present",8.5
1136,61,"2025-09-11","Remote",8.0
1137,61,"2025-09-10","Present",9.0
1138,61,"2025-09-09","Present",8.5
1139,61,"2025-09-08","Present",8.0
1140,61,"2025-09-05","Remote",8.0
1141,61,"2025-09-04","Present",9.0
1142,61,"2025-09-03","Present",8.5
1143,61,"2025-09-02","Present",8.0
1144,61,"2025-09-01","Present",9.0
1145,62,"2025-09-30","Present",9.0
1146,62,"2025-09-29","Present",8.5
1147,62,"2025-09-26","Present",8.5
1148,62,"2025-09-25","Present",8.0
1149,62,"2025-09-24","Present",9.0
1150,62,"2025-09-23","Present",8.5
1151,62,"2025-09-22","Remote",8.0
1152,62,"2025-09-19","Present",8.0
1153,62,"2025-09-18","Absent",0.0
1154,62,"2025-09-17","Present",8.5
1155,62,"2025-09-16","Remote",8.0
1156,62,"2025-09-15","Present",9.0
1157,62,"2025-09-12","Present",9.0
1158,62,"2025-09-11","Present",8.5
1159,62,"2025-09-10","Leave",0.0
1160,62,"2025-09-09","Present",9.0
1161,62,"2025-09-08","Present",8.5
1162,62,"2025-09-05","Present",8.5
1163,62,"2025-09-04","Remote",8.0
1164,62,"2025-09-03","Present",9.0
1165,62,"2025-09-02","Present",8.5
1166,62,"2025-09-01","Present",8.0
1167,63,"2025-09-30","Present",8.0
1168,63,"2025-09-29","Present",9.0
1169,63,"2025-09-26","Present",9.0
1170,63,"2025-09-25","Present",8.5
1171,63,"2025-09-24","Present",8.0
1172,63,"2025-09-23","Present",9.0
1173,63,"2025-09-22","Absent",0.0
1174,63,"2025-09-19","Present",8.5
1175,63,"2025-09-18","Present",8.0
1176,63,"2025-09-17","Present",9.0
1177,63,"2025-09-16","Present",8.5
1178,63,"2025-09-15","Remote",8.0
1179,63,"2025-09-12","Present",8.0
1180,63,"2025-09-11","Present",9.0
1181,63,"2025-09-10","Present",8.5
1182,63,"2025-09-09","Remote",8.0
1183,63,"2025-09-08","Present",9.0
1184,63,"2025-09-05","Present",9.0
1185,63,"2025-09-04","Present",8.5
1186,63,"2025-09-03","Remote",8.0
1187,63,"2025-09-02","Present",9.0
1188,63,"2025-09-01","Present",8.5
1189,64,"2025-09-30","Present",8.5
1190,64,"2025-09-29","Present",8.0
1191,64,"2025-09-26","Absent",0.0
1192,64,"2025-09-25","Present",9.0
1193,64,"2025-09-24","Present",8.5
1194,64,"2025-09-23","Present",8.0
1195,64,"2025-09-22","Present",9.0
1196,64,"2025-09-19","Present",9.0
1197,64,"2025-09-18","Leave",0.0
1198,64,"2025-09-17","Present",8.0
1199,64,"2025-09-16","Present",9.0
1200,64,"2025-09-15","Present",8.5
1201,64,"2025-09-12","Present",8.5
1202,64,"2025-09-11","Present",8.0
1203,64,"2025-09-10","Present",9.0
1204,64,"2025-09-09","Present",8.5
1205,64,"2025-09-08","Remote",8.0
1206,64,"2025-09-05","Present",8.0
1207,64,"2025-09-04","Present",9.0
1208,64,"2025-09-03","Absent",0.0
1209,64,"2025-09-02","Remote",8.0
1210,64,"2025-09-01","Leave",0.0
1211,66,"2025-09-30","Remote",8.0
1212,66,"2025-09-29","Present",9.0
1213,66,"2025-09-26","Leave",0.0
1214,66,"2025-09-25","Present",8.5
1215,66,"2025-09-24","Remote",8.0
1216,66,"2025-09-23","Present",9.0
1217,66,"2025-09-22","Present",8.5
1218,66,"2025-09-19","Present",8.5
1219,66,"2025-09-18","Remote",8.0
1220,66,"2025-09-17","Present",9.0
1221,66,"2025-09-16","Present",8.5
1222,66,"2025-09-15","Present",8.0
1223,66,"2025-09-12","Remote",8.0
1224,66,"2025-09-11","Absent",0.0
1225,66,"2025-09-10","Present",8.5
1226,66,"2025-09-09","Leave",0.0
1227,66,"2025-09-08","Present",9.0
1228,66,"2025-09-05","Present",9.0
1229,66,"2025-09-04","Present",8.5
1230,66,"2025-09-03","Present",8.0
1231,66,"2025-09-02","Present",9.0
1232,66,"2025-09-01","Present",8.5
1233,67,"2025-09-30","Leave",0.0
1234,67,"2025-09-29","Remote",8.0
1235,67,"2025-09-26","Present",8.0
1236,67,"2025-09-25","Present",9.0
1237,67,"2025-09-24","Present",8.5
1238,67,"2025-09-23","Remote",8.0
1239,67,"2025-09-22","Present",9.0
1240,67,"2025-09-19","Present",9.0
1241,67,"2025-09-18","Present",8.5
1242,67,"2025-09-17","Remote",8.0
1243,67,"2025-09-16","Present",9.0
1244,67,"2025-09-15","Absent",0.0
1245,67,"2025-09-12","Present",8.5
1246,67,"2025-09-11","Remote",8.0
1247,67,"2025-09-10","Present",9.0
1248,67,"2025-09-09","Present",8.5
1249,67,"2025-09-08","Present",8.0
1250,67,"2025-09-05","Remote",8.0
1251,67,"2025-09-04","Present",9.0
1252,67,"2025-09-03","Present",8.5
1253,67,"2025-09-02","Present",8.0
1254,67,"2025-09-01","Present",9.0
1255,68,"2025-09-30","Present",9.0
1256,68,"2025-09-29","Present",8.5
1257,68,"2025-09-26","Present",8.5
1258,68,"2025-09-25","Present",8.0
1259,68,"2025-09-24","Present",9.0
1260,68,"2025-09-23","Present",8.5
1261,68,"2025-09-22","Remote",8.0
1262,68,"2025-09-19","Absent",0.0
1263,68,"2025-09-18","Present",9.0
1264,68,"2025-09-17","Leave",0.0
1265,68,"2025-09-16","Remote",8.0
1266,68,"2025-09-15","Present",9.0
1267,68,"2025-09-12","Present",9.0
1268,68,"2025-09-11","Present",8.5
1269,68,"2025-09-10","Remote",8.0
1270,68,"2025-09-09","Present",9.0
1271,68,"2025-09-08","Present",8.5
1272,68,"2025-09-05","Present",8.5
1273,68,"2025-09-04","Remote",8.0
1274,68,"2025-09-03","Present",9.0
1275,68,"2025-09-02","Present",8.5
1276,68,"2025-09-01","Present",8.0
1277,69,"2025-09-30","Present",8.0
1278,69,"2025-09-29","Present",9.0
1279,69,"2025-09-26","Present",9.0
1280,69,"2025-09-25","Present",8.5
1281,69,"2025-09-24","Present",8.0
1282,69,"2025-09-23","Absent",0.0
1283,69,"2025-09-22","Present",8.5
1284,69,"2025-09-19","Present",8.5
1285,69,"2025-09-18","Present",8.0
1286,69,"2025-09-17","Present",9.0
1287,69,"2025-09-16","Present",8.5
1288,69,"2025-09-15","Remote",8.0
1289,69,"2025-09-12","Present",8.0
1290,69,"2025-09-11","Present",9.0
1291,69,"2025-09-10","Present",8.5
1292,69,"2025-09-09","Remote",8.0
1293,69,"2025-09-08","Present",9.0
1294,69,"2025-09-05","Present",9.0
1295,69,"2025-09-04","Leave",0.0
1296,69,"2025-09-03","Remote",8.0
1297,69,"2025-09-02","Present",9.0
1298,69,"2025-09-01","Present",8.5
1299,70,"2025-09-30","Present",8.5
1300,70,"2025-09-29","Present",8.0
1301,70,"2025-09-26","Remote",8.0
1302,70,"2025-09-25","Leave",0.0
1303,70,"2025-09-24","Present",8.5
1304,70,"2025-09-23","Present",8.0
1305,70,"2025-09-22","Present",9.0
1306,70,"2025-09-19","Present",9.0
1307,70,"2025-09-18","Present",8.5
1308,70,"2025-09-17","Present",8.0
1309,70,"2025-09-16","Present",9.0
1310,70,"2025-09-15","Present",8.5
1311,70,"2025-09-12","Present",8.5
1312,70,"2025-09-11","Present",8.0
1313,70,"2025-09-10","Present",9.0
1314,70,"2025-09-09","Present",8.5
1315,70,"2025-09-08","Leave",0.0
1316,70,"2025-09-05","Present",8.0
1317,70,"2025-09-04","Absent",0.0
1318,70,"2025-09-03","Present",8.5
1319,70,"2025-09-02","Remote",8.0
1320,70,"2025-09-01","Present",9.0
1321,71,"2025-09-30","Present",9.0
1322,71,"2025-09-29","Leave",0.0
1323,71,"2025-09-26","Present",8.5
1324,71,"2025-09-25","Remote",8.0
1325,71,"2025-09-24","Present",9.0
1326,71,"2025-09-23","Present",8.5
1327,71,"2025-09-22","Present",8.0
1328,71,"2025-09-19","Remote",8.0
1329,71,"2025-09-18","Present",9.0
1330,71,"2025-09-17","Present",8.5
1331,71,"2025-09-16","Present",8.0
1332,71,"2025-09-15","Present",9.0
1333,71,"2025-09-12","Leave",0.0
1334,71,"2025-09-11","Present",8.5
1335,71,"2025-09-10","Present",8.0
1336,71,"2025-09-09","Present",9.0
1337,71,"2025-09-08","Absent",0.0
1338,71,"2025-09-05","Present",8.5
1339,71,"2025-09-04","Present",8.0
1340,71,"2025-09-03","Present",9.0
1341,71,"2025-09-02","Present",8.5
1342,71,"2025-09-01","Remote",8.0
1343,73,"2025-09-30","Present",8.5
1344,73,"2025-09-29","Remote",8.0
1345,73,"2025-09-26","Present",8.0
1346,73,"2025-09-25","Present",9.0
1347,73,"2025-09-24","Present",8.5
1348,73,"2025-09-23","Remote",8.0
1349,73,"2025-09-22","Present",9.0
1350,73,"2025-09-19","Present",9.0
1351,73,"2025-09-18","Present",8.5
1352,73,"2025-09-17","Remote",8.0
1353,73,"2025-09-16","Absent",0.0
1354,73,"2025-09-15","Present",8.5
1355,73,"2025-09-12","Present",8.5
1356,73,"2025-09-11","Remote",8.0
1357,73,"2025-09-10","Present",9.0
1358,73,"2025-09-09","Present",8.5
1359,73,"2025-09-08","Present",8.0
1360,73,"2025-09-05","Remote",8.0
1361,73,"2025-09-04","Present",9.0
1362,73,"2025-09-03","Leave",0.0
1363,73,"2025-09-02","Present",8.0
1364,73,"2025-09-01","Present",9.0
1365,74,"2025-09-30","Present",9.0
1366,74,"2025-09-29","Present",8.5
1367,74,"2025-09-26","Present",8.5
1368,74,"2025-09-25","Present",8.0
1369,74,"2025-09-24","Leave",0.0
1370,74,"2025-09-23","Present",8.5
1371,74,"2025-09-22","Remote",8.0
1372,74,"2025-09-19","Present",8.0
1373,74,"2025-09-18","Present",9.0
1374,74,"2025-09-17","Present",8.5
1375,74,"2025-09-16","Remote",8.0
1376,74,"2025-09-15","Present",9.0
1377,74,"2025-09-12","Present",9.0
1378,74,"2025-09-11","Present",8.5
1379,74,"2025-09-10","Remote",8.0
1380,74,"2025-09-09","Present",9.0
1381,74,"2025-09-08","Present",8.5
1382,74,"2025-09-05","Present",8.5
1383,74,"2025-09-04","Remote",8.0
1384,74,"2025-09-03","Present",9.0
1385,74,"2025-09-02","Present",8.5
1386,74,"2025-09-01","Present",8.0
1387,75,"2025-09-30","Present",8.0
1388,75,"2025-09-29","Present",9.0
1389,75,"2025-09-26","Present",9.0
1390,75,"2025-09-25","Present",8.5
1391,75,"2025-09-24","Absent",0.0
1392,75,"2025-09-23","Present",9.0
1393,75,"2025-09-22","Present",8.5
1394,75,"2025-09-19","Present",8.5
1395,75,"2025-09-18","Present",8.0
1396,75,"2025-09-17","Present",9.0
1397,75,"2025-09-16","Present",8.5
1398,75,"2025-09-15","Remote",8.0
1399,75,"2025-09-12","Present",8.0
1400,75,"2025-09-11","Leave",0.0
1401,75,"2025-09-10","Present",8.5
1402,75,"2025-09-09","Remote",8.0
1403,75,"2025-09-08","Present",9.0
1404,75,"2025-09-05","Present",9.0
1405,75,"2025-09-04","Present",8.5
1406,75,"2025-09-03","Remote",8.0
1407,75,"2025-09-02","Present",9.0
1408,75,"2025-09-01","Absent",0.0
1409,76,"2025-09-30","Present",8.5
1410,76,"2025-09-29","Present",8.0
1411,76,"2025-09-26","Remote",8.0
1412,76,"2025-09-25","Present",9.0
1413,76,"2025-09-24","Present",8.5
1414,76,"2025-09-23","Present",8.0
1415,76,"2025-09-22","Present",9.0
1416,76,"2025-09-19","Present",9.0
1417,76,"2025-09-18","Present",8.5
1418,76,"2025-09-17","Present",8.0
1419,76,"2025-09-16","Present",9.0
1420,76,"2025-09-15","Leave",0.0
1421,76,"2025-09-12","Present",8.5
1422,76,"2025-09-11","Present",8.0
1423,76,"2025-09-10","Present",9.0
1424,76,"2025-09-09","Present",8.5
1425,76,"2025-09-08","Remote",8.0
1426,76,"2025-09-05","Absent",0.0
1427,76,"2025-09-04","Present",9.0
1428,76,"2025-09-03","Present",8.5
1429,76,"2025-09-02","Remote",8.0
1430,76,"2025-09-01","Present",9.0
1431,77,"2025-09-30","Present",9.0
1432,77,"2025-09-29","Present",8.5
1433,77,"2025-09-26","Present",8.5
1434,77,"2025-09-25","Remote",8.0
1435,77,"2025-09-24","Present",9.0
1436,77,"2025-09-23","Present",8.5
1437,77,"2025-09-22","Present",8.0
1438,77,"2025-09-19","Leave",0.0
1439,77,"2025-09-18","Present",9.0
1440,77,"2025-09-17","Present",8.5
1441,77,"2025-09-16","Present",8.0
1442,77,"2025-09-15","Present",9.0
1443,77,"2025-09-12","Present",9.0
1444,77,"2025-09-11","Present",8.5
1445,77,"2025-09-10","Present",8.0
1446,77,"2025-09-09","Absent",0.0
1447,77,"2025-09-08","Present",8.5
1448,77,"2025-09-05","Present",8.5
1449,77,"2025-09-04","Present",8.0
1450,77,"2025-09-03","Present",9.0
1451,77,"2025-09-02","Leave",0.0
1452,77,"2025-09-01","Remote",8.0
1453,78,"2025-09-30","Remote",8.0
1454,78,"2025-09-29","Present",9.0
1455,78,"2025-09-26","Present",9.0
1456,78,"2025-09-25","Present",8.5
1457,78,"2025-09-24","Remote",8.0
1458,78,"2025-09-23","Leave",0.0
1459,78,"2025-09-22","Present",8.5
1460,78,"2025-09-19","Present",8.5
1461,78,"2025-09-18","Remote",8.0
1462,78,"2025-09-17","Present",9.0
1463,78,"2025-09-16","Present",8.5
1464,78,"2025-09-15","Present",8.0
1465,78,"2025-09-12","Remote",8.0
1466,78,"2025-09-11","Present",9.0
1467,78,"2025-09-10","Present",8.5
1468,78,"2025-09-09","Present",8.0
1469,78,"2025-09-08","Present",9.0
1470,78,"2025-09-05","Present",9.0
1471,78,"2025-09-04","Present",8.5
1472,78,"2025-09-03","Present",8.0
1473,78,"2025-09-02","Present",9.0
1474,78,"2025-09-01","Present",8.5
1475,79,"2025-09-30","Present",8.5
1476,79,"2025-09-29","Remote",8.0
1477,79,"2025-09-26","Present",8.0
1478,79,"2025-09-25","Present",9.0
1479,79,"2025-09-24","Present",8.5
1480,79,"2025-09-23","Remote",8.0
1481,79,"2025-09-22","Present",9.0
1482,79,"2025-09-19","Present",9.0
1483,79,"2025-09-18","Present",8.5
1484,79,"2025-09-17","Absent",0.0
1485,79,"2025-09-16","Present",9.0
1486,79,"2025-09-15","Present",8.5
1487,79,"2025-09-12","Present",8.5
1488,79,"2025-09-11","Remote",8.0
1489,79,"2025-09-10","Leave",0.0
1490,79,"2025-09-09","Present",8.5
1491,79,"2025-09-08","Present",8.0
1492,79,"2025-09-05","Remote",8.0
1493,79,"2025-09-04","Present",9.0
1494,79,"2025-09-03","Present",8.5
1495,79,"2025-09-02","Present",8.0
1496,79,"2025-09-01","Present",9.0
1497,81,"2025-09-30","Present",8.0
1498,81,"2025-09-29","Present",9.0
1499,81,"2025-09-26","Present",9.0
1500,81,"2025-09-25","Absent",0.0
1501,81,"2025-09-24","Present",8.0
1502,81,"2025-09-23","Present",9.0
1503,81,"2025-09-22","Present",8.5
1504,81,"2025-09-19","Present",8.5
1505,81,"2025-09-18","Leave",0.0
1506,81,"2025-09-17","Present",9.0
1507,81,"2025-09-16","Present",8.5
1508,81,"2025-09-15","Remote",8.0
1509,81,"2025-09-12","Present",8.0
1510,81,"2025-09-11","Present",9.0
1511,81,"2025-09-10","Present",8.5
1512,81,"2025-09-09","Remote",8.0
1513,81,"2025-09-08","Present",9.0
1514,81,"2025-09-05","Present",9.0
1515,81,"2025-09-04","Present",8.5
1516,81,"2025-09-03","Remote",8.0
1517,81,"2025-09-02","Absent",0.0
1518,81,"2025-09-01","Leave",0.0
1519,82,"2025-09-30","Present",8.5
1520,82,"2025-09-29","Absent",0.0
1521,82,"2025-09-26","Remote",8.0
1522,82,"2025-09-25","Present",9.0
1523,82,"2025-09-24","Present",8.5
1524,82,"2025-09-23","Present",8.0
1525,82,"2025-09-22","Leave",0.0
1526,82,"2025-09-19","Present",9.0
1527,82,"2025-09-18","Present",8.5
1528,82,"2025-09-17","Present",8.0
1529,82,"2025-09-16","Present",9.0
1530,82,"2025-09-15","Present",8.5
1531,82,"2025-09-12","Present",8.5
1532,82,"2025-09-11","Present",8.0
1533,82,"2025-09-10","Present",9.0
1534,82,"2025-09-09","Present",8.5
1535,82,"2025-09-08","Remote",8.0
1536,82,"2025-09-05","Leave",0.0
1537,82,"2025-09-04","Present",9.0
1538,82,"2025-09-03","Present",8.5
1539,82,"2025-09-02","Remote",8.0
1540,82,"2025-09-01","Present",9.0
1541,83,"2025-09-30","Present",9.0
1542,83,"2025-09-29","Present",8.5
1543,83,"2025-09-26","Leave",0.0
1544,83,"2025-09-25","Remote",8.0
1545,83,"2025-09-24","Present",9.0
1546,83,"2025-09-23","Present",8.5
1547,83,"2025-09-22","Present",8.0
1548,83,"2025-09-19","Remote",8.0
1549,83,"2025-09-18","Present",9.0
1550,83,"2025-09-17","Present",8.5
1551,83,"2025-09-16","Present",8.0
1552,83,"2025-09-15","Present",9.0
1553,83,"2025-09-12","Present",9.0
1554,83,"2025-09-11","Present",8.5
1555,83,"2025-09-10","Absent",0.0
1556,83,"2025-09-09","Leave",0.0
1557,83,"2025-09-08","Present",8.5
1558,83,"2025-09-05","Present",8.5
1559,83,"2025-09-04","Present",8.0
1560,83,"2025-09-03","Present",9.0
1561,83,"2025-09-02","Present",8.5
1562,83,"2025-09-01","Remote",8.0
1563,84,"2025-09-30","Leave",0.0
1564,84,"2025-09-29","Present",9.0
1565,84,"2025-09-26","Present",9.0
1566,84,"2025-09-25","Present",8.5
1567,84,"2025-09-24","Remote",8.0
1568,84,"2025-09-23","Present",9.0
1569,84,"2025-09-22","Present",8.5
1570,84,"2025-09-19","Present",8.5
1571,84,"2025-09-18","Remote",8.0
1572,84,"2025-09-17","Present",9.0
1573,84,"2025-09-16","Present",8.5
1574,84,"2025-09-15","Present",8.0
1575,84,"2025-09-12","Remote",8.0
1576,84,"2025-09-11","Present",9.0
1577,84,"2025-09-10","Present",8.5
1578,84,"2025-09-09","Present",8.0
1579,84,"2025-09-08","Present",9.0
1580,84,"2025-09-05","Present",9.0
1581,84,"2025-09-04","Present",8.5
1582,84,"2025-09-03","Present",8.0
1583,84,"2025-09-02","Present",9.0
1584,84,"2025-09-01","Present",8.5
1585,85,"2025-09-30","Present",8.5
1586,85,"2025-09-29","Remote",8.0
1587,85,"2025-09-26","Present",8.0
1588,85,"2025-09-25","Present",9.0
1589,85,"2025-09-24","Present",8.5
1590,85,"2025-09-23","Remote",8.0
1591,85,"2025-09-22","Present",9.0
1592,85,"2025-09-19","Present",9.0
1593,85,"2025-09-18","Absent",0.0
1594,85,"2025-09-17","Leave",0.0
1595,85,"2025-09-16","Present",9.0
1596,85,"2025-09-15","Present",8.5
1597,85,"2025-09-12","Present",8.5
1598,85,"2025-09-11","Remote",8.0
1599,85,"2025-09-10","Present",9.0
1600,85,"2025-09-09","Present",8.5
1601,85,"2025-09-08","Present",8.0
1602,85,"2025-09-05","Remote",8.0
1603,85,"2025-09-04","Present",9.0
1604,85,"2025-09-03","Present",8.5
1605,85,"2025-09-02","Present",8.0
1606,85,"2025-09-01","Present",9.0
1607,86,"2025-09-30","Present",9.0
1608,86,"2025-09-29","Present",8.5
1609,86,"2025-09-26","Present",8.5
1610,86,"2025-09-25","Present",8.0
1611,86,"2025-09-24","Present",9.0
1612,86,"2025-09-23","Present",8.5
1613,86,"2025-09-22","Absent",0.0
1614,86,"2025-09-19","Present",8.0
1615,86,"2025-09-18","Present",9.0
1616,86,"2025-09-17","Present",8.5
1617,86,"2025-09-16","Remote",8.0
1618,86,"2025-09-15","Present",9.0
1619,86,"2025-09-12","Present",9.0
1620,86,"2025-09-11","Present",8.5
1621,86,"2025-09-10","Remote",8.0
1622,86,"2025-09-09","Present",9.0
1623,86,"2025-09-08","Present",8.5
1624,86,"2025-09-05","Present",8.5
1625,86,"2025-09-04","Leave",0.0
1626,86,"2025-09-03","Present",9.0
1627,86,"2025-09-02","Present",8.5
1628,86,"2025-09-01","Present",8.0
1629,87,"2025-09-30","Present",8.0
1630,87,"2025-09-29","Present",9.0
1631,87,"2025-09-26","Absent",0.0
1632,87,"2025-09-25","Leave",0.0
1633,87,"2025-09-24","Present",8.0
1634,87,"2025-09-23","Present",9.0
1635,87,"2025-09-22","Present",8.5
1636,87,"2025-09-19","Present",8.5
1637,87,"2025-09-18","Present",8.0
1638,87,"2025-09-17","Present",9.0
1639,87,"2025-09-16","Present",8.5
1640,87,"2025-09-15","Remote",8.0
1641,87,"2025-09-12","Present",8.0
1642,87,"2025-09-11","Present",9.0
1643,87,"2025-09-10","Present",8.5
1644,87,"2025-09-09","Remote",8.0
1645,87,"2025-09-08","Leave",0.0
1646,87,"2025-09-05","Present",9.0
1647,87,"2025-09-04","Present",8.5
1648,87,"2025-09-03","Absent",0.0
1649,87,"2025-09-02","Present",9.0
1650,87,"2025-09-01","Present",8.5
1651,89,"2025-09-30","Present",9.0
1652,89,"2025-09-29","Present",8.5
1653,89,"2025-09-26","Present",8.5
1654,89,"2025-09-25","Remote",8.0
1655,89,"2025-09-24","Present",9.0
1656,89,"2025-09-23","Present",8.5
1657,89,"2025-09-22","Present",8.0
1658,89,"2025-09-19","Remote",8.0
1659,89,"2025-09-18","Present",9.0
1660,89,"2025-09-17","Present",8.5
1661,89,"2025-09-16","Leave",0.0
1662,89,"2025-09-15","Present",9.0
1663,89,"2025-09-12","Present",9.0
1664,89,"2025-09-11","Absent",0.0
1665,89,"2025-09-10","Present",8.0
1666,89,"2025-09-09","Present",9.0
1667,89,"2025-09-08","Present",8.5
1668,89,"2025-09-05","Present",8.5
1669,89,"2025-09-04","Present",8.0
1670,89,"2025-09-03","Present",9.0
1671,89,"2025-09-02","Present",8.5
1672,89,"2025-09-01","Remote",8.0
1673,90,"2025-09-30","Remote",8.0
1674,90,"2025-09-29","Present",9.0
1675,90,"2025-09-26","Present",9.0
1676,90,"2025-09-25","Present",8.5
1677,90,"2025-09-24","Remote",8.0
1678,90,"2025-09-23","Present",9.0
1679,90,"2025-09-22","Present",8.5
1680,90,"2025-09-19","Present",8.5
1681,90,"2025-09-18","Remote",8.0
1682,90,"2025-09-17","Present",9.0
1683,90,"2025-09-16","Present",8.5
1684,90,"2025-09-15","Absent",0.0
1685,90,"2025-09-12","Remote",8.0
1686,90,"2025-09-11","Present",9.0
1687,90,"2025-09-10","Present",8.5
1688,90,"2025-09-09","Present",8.0
1689,90,"2025-09-08","Present",9.0
1690,90,"2025-09-05","Present",9.0
1691,90,"2025-09-04","Present",8.5
1692,90,"2025-09-03","Leave",0.0
1693,90,"2025-09-02","Present",9.0
1694,90,"2025-09-01","Present",8.5
1695,91,"2025-09-30","Present",8.5
1696,91,"2025-09-29","Remote",8.0
1697,91,"2025-09-26","Present",8.0
1698,91,"2025-09-25","Present",9.0
1699,91,"2025-09-24","Leave",0.0
1700,91,"2025-09-23","Remote",8.0
1701,91,"2025-09-22","Present",9.0
1702,91,"2025-09-19","Absent",0.0
1703,91,"2025-09-18","Present",8.5
1704,91,"2025-09-17","Remote",8.0
1705,91,"2025-09-16","Present",9.0
1706,91,"2025-09-15","Present",8.5
1707,91,"2025-09-12","Present",8.5
1708,91,"2025-09-11","Remote",8.0
1709,91,"2025-09-10","Present",9.0
1710,91,"2025-09-09","Present",8.5
1711,91,"2025-09-08","Present",8.0
1712,91,"2025-09-05","Remote",8.0
1713,91,"2025-09-04","Present",9.0
1714,91,"2025-09-03","Present",8.5
1715,91,"2025-09-02","Present",8.0
1716,91,"2025-09-01","Present",9.0
1717,92,"2025-09-30","Present",9.0
1718,92,"2025-09-29","Present",8.5
1719,92,"2025-09-26","Present",8.5
1720,92,"2025-09-25","Present",8.0
1721,92,"2025-09-24","Present",9.0
1722,92,"2025-09-23","Absent",0.0
1723,92,"2025-09-22","Remote",8.0
1724,92,"2025-09-19","Present",8.0
1725,92,"2025-09-18","Present",9.0
1726,92,"2025-09-17","Present",8.5
1727,92,"2025-09-16","Remote",8.0
1728,92,"2025-09-15","Present",9.0
1729,92,"2025-09-12","Present",9.0
1730,92,"2025-09-11","Leave",0.0
1731,92,"2025-09-10","Remote",8.0
1732,92,"2025-09-09","Present",9.0
1733,92,"2025-09-08","Present",8.5
1734,92,"2025-09-05","Present",8.5
1735,92,"2025-09-04","Remote",8.0
1736,92,"2025-09-03","Present",9.0
1737,92,"2025-09-02","Present",8.5
1738,92,"2025-09-01","Present",8.0
1739,93,"2025-09-30","Present",8.0
1740,93,"2025-09-29","Present",9.0
1741,93,"2025-09-26","Present",9.0
1742,93,"2025-09-25","Present",8.5
1743,93,"2025-09-24","Present",8.0
1744,93,"2025-09-23","Present",9.0
1745,93,"2025-09-22","Present",8.5
1746,93,"2025-09-19","Present",8.5
1747,93,"2025-09-18","Present",8.0
1748,93,"2025-09-17","Present",9.0
1749,93,"2025-09-16","Present",8.5
1750,93,"2025-09-15","Leave",0.0
1751,93,"2025-09-12","Present",8.0
1752,93,"2025-09-11","Present",9.0
1753,93,"2025-09-10","Present",8.5
1754,93,"2025-09-09","Remote",8.0
1755,93,"2025-09-08","Present",9.0
1756,93,"2025-09-05","Present",9.0
1757,93,"2025-09-04","Absent",0.0
1758,93,"2025-09-03","Remote",8.0
1759,93,"2025-09-02","Present",9.0
1760,93,"2025-09-01","Present",8.5
1761,95,"2025-09-30","Present",9.0
1762,95,"2025-09-29","Present",8.5
1763,95,"2025-09-26","Present",8.5
1764,95,"2025-09-25","Remote",8.0
1765,95,"2025-09-24","Present",9.0
1766,95,"2025-09-23","Leave",0.0
1767,95,"2025-09-22","Present",8.0
1768,95,"2025-09-19","Remote",8.0
1769,95,"2025-09-18","Present",9.0
1770,95,"2025-09-17","Present",8.5
1771,95,"2025-09-16","Present",8.0
1772,95,"2025-09-15","Present",9.0
1773,95,"2025-09-12","Absent",0.0
1774,95,"2025-09-11","Present",8.5
1775,95,"2025-09-10","Present",8.0
1776,95,"2025-09-09","Present",9.0
1777,95,"2025-09-08","Present",8.5
1778,95,"2025-09-05","Present",8.5
1779,95,"2025-09-04","Present",8.0
1780,95,"2025-09-03","Present",9.0
1781,95,"2025-09-02","Present",8.5
1782,95,"2025-09-01","Remote",8.0
1783,96,"2025-09-30","Remote",8.0
1784,96,"2025-09-29","Present",9.0
1785,96,"2025-09-26","Present",9.0
1786,96,"2025-09-25","Present",8.5
1787,96,"2025-09-24","Remote",8.0
1788,96,"2025-09-23","Present",9.0
1789,96,"2025-09-22","Present",8.5
1790,96,"2025-09-19","Present",8.5
1791,96,"2025-09-18","Remote",8.0
1792,96,"2025-09-17","Present",9.0
1793,96,"2025-09-16","Absent",0.0
1794,96,"2025-09-15","Present",8.0
1795,96,"2025-09-12","Remote",8.0
1796,96,"2025-09-11","Present",9.0
1797,96,"2025-09-10","Leave",0.0
1798,96,"2025-09-09","Present",8.0
1799,96,"2025-09-08","Present",9.0
1800,96,"2025-09-05","Present",9.0
1801,96,"2025-09-04","Present",8.5
1802,96,"2025-09-03","Present",8.0
1803,96,"2025-09-02","Present",9.0
1804,96,"2025-09-01","Present",8.5
1805,98,"2025-09-30","Present",9.0
1806,98,"2025-09-29","Present",8.5
1807,98,"2025-09-26","Present",8.5
1808,98,"2025-09-25","Present",8.0
1809,98,"2025-09-24","Absent",0.0
1810,98,"2025-09-23","Present",8.5
1811,98,"2025-09-22","Remote",8.0
1812,98,"2025-09-19","Present",8.0
1813,98,"2025-09-18","Leave",0.0
1814,98,"2025-09-17","Present",8.5
1815,98,"2025-09-16","Remote",8.0
1816,98,"2025-09-15","Present",9.0
1817,98,"2025-09-12","Present",9.0
1818,98,"2025-09-11","Present",8.5
1819,98,"2025-09-10","Remote",8.0
1820,98,"2025-09-09","Present",9.0
1821,98,"2025-09-08","Present",8.5
1822,98,"2025-09-05","Present",8.5
1823,98,"2025-09-04","Remote",8.0
1824,98,"2025-09-03","Present",9.0
1825,98,"2025-09-02","Present",8.5
1826,98,"2025-09-01","Absent",0.0
1827,99,"2025-09-30","Present",8.0
1828,99,"2025-09-29","Present",9.0
1829,99,"2025-09-26","Present",9.0
1830,99,"2025-09-25","Present",8.5
1831,99,"2025-09-24","Present",8.0
1832,99,"2025-09-23","Present",9.0
1833,99,"2025-09-22","Leave",0.0
1834,99,"2025-09-19","Present",8.5
1835,99,"2025-09-18","Present",8.0
1836,99,"2025-09-17","Present",9.0
1837,99,"2025-09-16","Present",8.5
1838,99,"2025-09-15","Remote",8.0
1839,99,"2025-09-12","Present",8.0
1840,99,"2025-09-11","Present",9.0
1841,99,"2025-09-10","Present",8.5
1842,99,"2025-09-09","Remote",8.0
1843,99,"2025-09-08","Present",9.0
1844,99,"2025-09-05","Absent",0.0
1845,99,"2025-09-04","Present",8.5
1846,99,"2025-09-03","Remote",8.0
1847,99,"2025-09-02","Present",9.0
1848,99,"2025-09-01","Present",8.5
1849,100,"2025-09-30","Present",8.5
1850,100,"2025-09-29","Present",8.0
1851,100,"2025-09-26","Leave",0.0
1852,100,"2025-09-25","Present",9.0
1853,100,"2025-09-24","Present",8.5
1854,100,"2025-09-23","Present",8.0
1855,100,"2025-09-22","Present",9.0
1856,100,"2025-09-19","Present",9.0
1857,100,"2025-09-18","Present",8.5
1858,100,"2025-09-17","Present",8.0
1859,100,"2025-09-16","Present",9.0
1860,100,"2025-09-15","Present",8.5
1861,100,"2025-09-12","Present",8.5
1862,100,"2025-09-11","Present",8.0
1863,100,"2025-09-10","Present",9.0
1864,100,"2025-09-09","Absent",0.0
1865,100,"2025-09-08","Remote",8.0
1866,100,"2025-09-05","Present",8.0
1867,100,"2025-09-04","Present",9.0
1868,100,"2025-09-03","Present",8.5
1869,100,"2025-09-02","Remote",8.0
1870,100,"2025-09-01","Present",9.0
