"emp_id","first_name","last_name","gender","birth_date","hire_date","dept_id","job_title","annual_salary","manager_id","employment_status","termination_date","email"
1,"Rajesh","Mehta","M","1970-04-12","2015-01-05",1,"CEO",9000000.0,0,"Active","","rajesh.mehta1@company.com"
2,"Sunita","Rao","F","1976-08-21","2015-03-10",2,"HR Director",3200000.0,1,"Active","","sunita.rao2@company.com"
3,"Anil","Kapoor","M","1974-02-17","2015-06-01",3,"Finance Director",3500000.0,1,"Active","","anil.kapoor3@company.com"
4,"Priya","Nair","F","1979-11-30","2015-09-14",4,"IT Director",3800000.0,1,"Active","","priya.nair4@company.com"
5,"Vikram","Singh","M","1972-07-09","2016-01-11",5,"Sales Director",3600000.0,1,"Active","","vikram.singh5@company.com"
6,"Neha","Joshi","F","1983-03-25","2016-04-18",6,"Marketing Director",3300000.0,1,"Active","","neha.joshi6@company.com"
7,"Arjun","Desai","M","1969-12-02","2016-07-04",7,"Operations Director",3400000.0,1,"Active","","arjun.desai7@company.com"
8,"Kavita","Iyer","F","1984-06-15","2017-02-13",8,"Recruitment Manager",1800000.0,2,"Active","","kavita.iyer8@company.com"
9,"Rohan","Gupta","M","1986-09-19","2017-05-22",9,"Engineering Manager",2400000.0,4,"Active","","rohan.gupta9@company.com"
10,"Meera","Pillai","F","1982-01-28","2017-08-07",10,"Support Manager",1700000.0,7,"Active","","meera.pillai10@company.com"
11,"Aarav","Sharma","M","1998-03-14","2022-06-01",9,"Software Engineer",900000.0,9,"Active","","aarav.sharma11@company.com"
12,"Diya","Patel","F","1999-07-22","2023-01-09",9,"QA Engineer",700000.0,9,"Active","","diya.patel12@company.com"
13,"Ishaan","Verma","M","1994-05-05","2019-08-12",9,"Software Engineer",1200000.0,9,"Active","","ishaan.verma13@company.com"
14,"Ananya","Reddy","F","1996-11-11","2020-02-03",9,"Data Analyst",1000000.0,9,"Active","","ananya.reddy14@company.com"
15,"Kabir","Malhotra","M","1990-01-30","2018-04-16",9,"Software Engineer",1300000.0,9,"Resigned","2023-09-15","kabir.malhotra15@company.com"
16,"Sneha","Kulkarni","F","2000-09-09","2023-07-17",9,"QA Engineer",650000.0,9,"Active","","sneha.kulkarni16@company.com"
17,"Aditya","Bose","M","1988-12-20","2017-10-09",9,"Software Engineer",1400000.0,9,"Active","","aditya.bose17@company.com"
18,"Tanvi","Shah","F","2001-04-04","2024-01-15",9,"Software Engineer",800000.0,9,"Active","","tanvi.shah18@company.com"
19,"Yash","Chauhan","M","1985-02-18","2016-11-21",9,"Data Analyst",1250000.0,9,"Terminated","2022-12-31","yash.chauhan19@company.com"
20,"Pooja","Menon","F","1997-08-27","2021-05-24",9,"Software Engineer",950000.0,9,"Active","","pooja.menon20@company.com"
21,"Manish","Tiwari","M","1981-06-06","2016-03-14",4,"System Administrator",900000.0,4,"Active","","manish.tiwari21@company.com"
22,"Shruti","Banerjee","F","1992-10-16","2019-01-07",4,"Network Engineer",850000.0,4,"Active","","shruti.banerjee22@company.com"
23,"Nikhil","Jain","M","1999-02-12","2022-09-05",4,"IT Support Engineer",500000.0,4,"Active","","nikhil.jain23@company.com"
24,"Ritu","Saxena","F","1987-04-23","2018-06-18",4,"System Administrator",880000.0,4,"Resigned","2024-02-29","ritu.saxena24@company.com"
25,"Harsh","Vora","M","2002-12-01","2024-03-04",4,"IT Support Engineer",450000.0,4,"Active","","harsh.vora25@company.com"
26,"Lakshmi","Narayan","F","1978-09-14","2015-10-05",4,"Network Engineer",1000000.0,4,"Active","","lakshmi.narayan26@company.com"
27,"Sameer","Khan","M","1993-07-31","2020-07-13",4,"IT Support Engineer",520000.0,4,"Active","","sameer.khan27@company.com"
28,"Rahul","Chopra","M","1991-03-08","2018-09-03",5,"Sales Executive",600000.0,5,"Active","","rahul.chopra28@company.com"
29,"Simran","Kaur","F","1995-05-19","2020-10-12",5,"Account Manager",850000.0,5,"Active","","simran.kaur29@company.com"
30,"Deepak","Yadav","M","1989-11-02","2017-01-23",5,"Sales Executive",650000.0,5,"Resigned","2023-03-31","deepak.yadav30@company.com"
31,"Aisha","Siddiqui","F","1998-01-25","2022-02-14",5,"Sales Associate",400000.0,5,"Active","","aisha.siddiqui31@company.com"
32,"Karan","Bhatia","M","2000-06-17","2023-04-10",5,"Sales Associate",380000.0,5,"Active","","karan.bhatia32@company.com"
33,"Payal","Goswami","F","1986-08-08","2016-08-29",5,"Account Manager",950000.0,5,"Active","","payal.goswami33@company.com"
34,"Mohit","Agarwal","M","1994-10-10","2019-05-20",5,"Sales Executive",620000.0,5,"Terminated","2021-11-30","mohit.agarwal34@company.com"
35,"Nandini","Rao","F","2001-02-27","2024-05-06",5,"Sales Associate",360000.0,5,"Active","","nandini.rao35@company.com"
36,"Gaurav","Pandey","M","1983-12-15","2015-12-07",5,"Account Manager",1050000.0,5,"Active","","gaurav.pandey36@company.com"
37,"Zoya","Ansari","F","1997-03-03","2021-08-02",5,"Sales Executive",580000.0,5,"Active","","zoya.ansari37@company.com"
38,"Tarun","Ahuja","M","1990-09-29","2018-02-12",6,"Marketing Executive",640000.0,6,"Active","","tarun.ahuja38@company.com"
39,"Ishita","Sen","F","1996-12-12","2020-06-08",6,"Content Strategist",720000.0,6,"Active","","ishita.sen39@company.com"
40,"Varun","Kohli","M","1999-04-18","2022-11-14",6,"SEO Analyst",480000.0,6,"Active","","varun.kohli40@company.com"
41,"Rhea","Dsouza","F","1993-01-09","2019-09-16",6,"Marketing Executive",680000.0,6,"Resigned","2024-06-28","rhea.dsouza41@company.com"
42,"Siddharth","Rane","M","2002-07-07","2024-02-19",6,"SEO Analyst",420000.0,6,"Active","","siddharth.rane42@company.com"
43,"Madhuri","Phadke","F","1985-05-26","2017-03-27",6,"Content Strategist",820000.0,6,"Active","","madhuri.phadke43@company.com"
44,"Akash","Trivedi","M","1998-10-21","2021-12-06",6,"Marketing Executive",560000.0,6,"Active","","akash.trivedi44@company.com"
45,"Sanjay","Naik","M","1977-02-02","2015-05-11",7,"Logistics Coordinator",700000.0,7,"Active","","sanjay.naik45@company.com"
46,"Bhavna","Solanki","F","1988-07-13","2017-11-20",7,"Operations Analyst",780000.0,7,"Active","","bhavna.solanki46@company.com"
47,"Imran","Qureshi","M","1992-03-20","2019-03-11",7,"Procurement Officer",690000.0,7,"Active","","imran.qureshi47@company.com"
48,"Komal","Jadhav","F","2000-11-23","2023-02-13",7,"Operations Analyst",480000.0,7,"Active","","komal.jadhav48@company.com"
49,"Pranav","Kale","M","1965-09-05","2015-08-17",7,"Logistics Coordinator",640000.0,7,"Active","","pranav.kale49@company.com"
50,"Alka","Mishra","F","1995-06-30","2020-01-20",7,"Procurement Officer",660000.0,7,"Terminated","2023-07-14","alka.mishra50@company.com"
51,"Dhruv","Sethi","M","2001-08-14","2024-04-08",7,"Operations Analyst",440000.0,7,"Active","","dhruv.sethi51@company.com"
52,"Jyoti","Hegde","F","1981-12-28","2016-02-22",7,"Operations Analyst",840000.0,7,"Active","","jyoti.hegde52@company.com"
53,"Faizan","Shaikh","M","1999-05-15","2022-04-04",10,"Support Agent",360000.0,10,"Active","","faizan.shaikh53@company.com"
54,"Rekha","Bhatt","F","1990-10-03","2018-10-15",10,"Support Specialist",520000.0,10,"Active","","rekha.bhatt54@company.com"
55,"Abhishek","Roy","M","2003-01-19","2024-06-03",10,"Support Agent",320000.0,10,"Active","","abhishek.roy55@company.com"
56,"Trisha","Fernandes","F","1997-09-11","2021-03-22",10,"Support Agent",380000.0,10,"Resigned","2023-12-15","trisha.fernandes56@company.com"
57,"Omkar","Salvi","M","2000-03-29","2023-05-08",10,"Support Agent",340000.0,10,"Active","","omkar.salvi57@company.com"
58,"Shweta","Pawar","F","1987-07-24","2017-06-12",10,"Support Specialist",560000.0,10,"Active","","shweta.pawar58@company.com"
59,"Lokesh","Rawat","M","1996-02-08","2020-08-24",10,"Support Agent",400000.0,10,"Terminated","2022-05-31","lokesh.rawat59@company.com"
60,"Anjali","Dutta","F","2002-10-26","2024-07-15",10,"Support Agent",310000.0,10,"Active","","anjali.dutta60@company.com"
61,"Nitin","Kamble","M","1975-04-04","2015-11-16",10,"Support Specialist",600000.0,10,"Active","","nitin.kamble61@company.com"
62,"Farah","Merchant","F","1998-12-17","2022-01-10",10,"Support Agent",370000.0,10,"Active","","farah.merchant62@company.com"
63,"Vivek","Oberoi","M","1991-06-21","2019-02-18",8,"Recruiter",580000.0,8,"Active","","vivek.oberoi63@company.com"
64,"Charu","Lata","F","1994-08-05","2020-09-14",8,"Talent Sourcer",450000.0,8,"Active","","charu.lata64@company.com"
65,"Jatin","Mahajan","M","2000-01-13","2023-03-06",8,"Talent Sourcer",400000.0,8,"Resigned","2024-08-30","jatin.mahajan65@company.com"
66,"Radhika","Apte","F","1989-04-27","2018-07-09",8,"Recruiter",640000.0,8,"Active","","radhika.apte66@company.com"
67,"Saurabh","Dixit","M","1984-11-18","2016-10-03",8,"Recruiter",710000.0,8,"Active","","saurabh.dixit67@company.com"
68,"Mahima","Arora","F","2001-09-02","2024-01-08",8,"Talent Sourcer",380000.0,8,"Active","","mahima.arora68@company.com"
69,"Pallavi","Deshmukh","F","1993-03-16","2019-06-10",2,"HR Executive",560000.0,2,"Active","","pallavi.deshmukh69@company.com"
70,"Rajiv","Menon","M","1980-10-07","2016-05-16",2,"Payroll Specialist",690000.0,2,"Active","","rajiv.menon70@company.com"
71,"Sakshi","Thakur","F","1999-08-19","2022-08-01",2,"HR Analyst",480000.0,2,"Active","","sakshi.thakur71@company.com"
72,"Amit","Ghosh","M","1971-01-24","2015-07-20",2,"HR Executive",720000.0,2,"Resigned","2022-10-31","amit.ghosh72@company.com"
73,"Vaishnavi","Joshi","F","2002-05-31","2024-03-18",2,"HR Analyst",410000.0,2,"Active","","vaishnavi.joshi73@company.com"
74,"Hemant","Kulkarni","M","1996-06-06","2021-01-18",2,"Payroll Specialist",520000.0,2,"Active","","hemant.kulkarni74@company.com"
75,"Ashwin","Rajan","M","1982-02-14","2016-09-12",3,"Financial Analyst",920000.0,3,"Active","","ashwin.rajan75@company.com"
76,"Bindu","Nambiar","F","1990-12-05","2018-05-07",3,"Accountant",640000.0,3,"Active","","bindu.nambiar76@company.com"
77,"Chirag","Doshi","M","1997-07-17","2021-10-11",3,"Auditor",600000.0,3,"Active","","chirag.doshi77@company.com"
78,"Durga","Prasad","M","1968-03-09","2015-04-13",3,"Accountant",800000.0,3,"Active","","durga.prasad78@company.com"
79,"Esha","Kapadia","F","2000-04-20","2023-06-19",3,"Financial Analyst",560000.0,3,"Active","","esha.kapadia79@company.com"
80,"Firoz","Mansuri","M","1994-09-25","2020-03-16",3,"Auditor",650000.0,3,"Terminated","2024-04-30","firoz.mansuri80@company.com"
81,"Gayatri","Bhide","F","1986-01-01","2017-04-24",3,"Accountant",700000.0,3,"Active","","gayatri.bhide81@company.com"
82,"Hitesh","Parmar","M","2001-11-08","2024-08-05",3,"Accountant",400000.0,3,"Active","","hitesh.parmar82@company.com"
83,"Indu","Krishnan","F","1992-05-02","2019-11-04",5,"Account Manager",880000.0,5,"Active","","indu.krishnan83@company.com"
84,"Jay","Thakkar","M","1999-09-13","2022-07-18",6,"Marketing Executive",500000.0,6,"Active","","jay.thakkar84@company.com"
85,"Kriti","Sanon","F","1998-06-26","2021-06-14",9,"Software Engineer",920000.0,9,"Active","","kriti.sanon85@company.com"
86,"Lalit","Bansal","M","1987-10-30","2018-01-29",4,"Network Engineer",870000.0,4,"Active","","lalit.bansal86@company.com"
87,"Mansi","Rathod","F","2000-02-22","2023-09-11",7,"Logistics Coordinator",430000.0,7,"Active","","mansi.rathod87@company.com"
88,"Naveen","Gowda","M","1993-12-09","2019-04-01",9,"QA Engineer",780000.0,9,"Resigned","2025-05-30","naveen.gowda88@company.com"
89,"Om","Prakash","M","1962-07-15","2015-02-02",3,"Auditor",900000.0,3,"Active","","om.prakash89@company.com"
90,"Prachi","Wagh","F","1995-11-29","2020-12-07",2,"HR Executive",540000.0,2,"Active","","prachi.wagh90@company.com"
91,"Qasim","Lakdawala","M","2002-03-11","2024-09-02",10,"Support Agent",310000.0,10,"Active","","qasim.lakdawala91@company.com"
92,"Rutuja","More","F","1999-12-24","2022-10-03",8,"Recruiter",470000.0,8,"Active","","rutuja.more92@company.com"
93,"Suresh","Babu","M","1973-08-18","2016-12-12",5,"Sales Executive",760000.0,5,"Active","","suresh.babu93@company.com"
94,"Tanya","Gill","F","1991-02-07","2018-12-03",6,"Content Strategist",750000.0,6,"Resigned","2025-03-31","tanya.gill94@company.com"
95,"Uday","Shetty","M","1979-05-23","2017-09-18",7,"Procurement Officer",810000.0,7,"Active","","uday.shetty95@company.com"
96,"Vidya","Ramesh","F","2003-06-14","2025-01-13",4,"IT Support Engineer",440000.0,4,"Active","","vidya.ramesh96@company.com"
97,"Wasim","Akram","M","1996-04-01","2021-09-20",9,"Data Analyst",960000.0,9,"Terminated","2025-08-29","wasim.akram97@company.com"
98,"Yamini","Chandra","F","1989-09-28","2019-07-22",3,"Financial Analyst",830000.0,3,"Active","","yamini.chandra98@company.com"
99,"Zubin","Irani","M","2001-01-05","2025-02-03",5,"Sales Associate",370000.0,5,"Active","","zubin.irani99@company.com"
100,"Amrita","Bedi","F","2004-03-30","2025-04-14",10,"Support Agent",300000.0,10,"Active","","amrita.bedi100@company.com"
