"review_id","emp_id","review_year","review_date","performance_score","reviewer_id"
1,1,2025,"2025-12-15",2.6,0
2,1,2024,"2024-12-15",3.8,0
3,1,2023,"2023-12-15",3.4,0
4,2,2025,"2025-12-15",4.4,1
5,2,2024,"2024-12-15",4.0,1
6,2,2023,"2023-12-15",3.6,1
7,3,2025,"2025-12-15",3.0,1
8,3,2024,"2024-12-15",4.2,1
9,3,2023,"2023-12-15",3.8,1
10,4,2025,"2025-12-15",3.2,1
11,4,2024,"2024-12-15",2.8,1
12,4,2023,"2023-12-15",2.4,1
13,5,2025,"2025-12-15",3.4,1
14,5,2024,"2024-12-15",4.6,1
15,5,2023,"2023-12-15",4.2,1
16,6,2025,"2025-12-15",3.6,1
17,6,2024,"2024-12-15",3.2,1
18,6,2023,"2023-12-15",4.4,1
19,7,2025,"2025-12-15",3.8,1
20,7,2024,"2024-12-15",3.4,1
21,7,2023,"2023-12-15",3.0,1
22,8,2025,"2025-12-15",2.4,2
23,8,2024,"2024-12-15",2.0,2
24,8,2023,"2023-12-15",4.8,2
25,9,2025,"2025-12-15",4.2,4
26,9,2024,"2024-12-15",3.8,4
27,9,2023,"2023-12-15",3.4,4
28,10,2025,"2025-12-15",2.8,7
29,10,2024,"2024-12-15",4.0,7
30,10,2023,"2023-12-15",3.6,7
31,11,2025,"2025-12-15",3.0,9
32,11,2024,"2024-12-15",2.6,9
33,11,2023,"2023-12-15",2.2,9
34,12,2025,"2025-12-15",4.8,9
35,12,2024,"2024-12-15",4.4,9
36,12,2023,"2023-12-15",4.0,9
37,13,2025,"2025-12-15",3.4,9
38,13,2024,"2024-12-15",3.0,9
39,13,2023,"2023-12-15",2.6,9
40,14,2025,"2025-12-15",3.6,9
41,14,2024,"2024-12-15",3.2,9
42,14,2023,"2023-12-15",2.8,9
43,16,2025,"2025-12-15",4.0,9
44,16,2024,"2024-12-15",3.6,9
45,17,2025,"2025-12-15",2.6,9
46,17,2024,"2024-12-15",3.8,9
47,17,2023,"2023-12-15",3.4,9
48,18,2025,"2025-12-15",4.4,9
49,18,2024,"2024-12-15",4.0,9
50,20,2025,"2025-12-15",3.2,9
51,20,2024,"2024-12-15",2.8,9
52,20,2023,"2023-12-15",2.4,9
53,21,2025,"2025-12-15",3.4,4
54,21,2024,"2024-12-15",4.6,4
55,21,2023,"2023-12-15",4.2,4
56,22,2025,"2025-12-15",3.6,4
57,22,2024,"2024-12-15",3.2,4
58,22,2023,"2023-12-15",4.4,4
59,23,2025,"2025-12-15",3.8,4
60,23,2024,"2024-12-15",3.4,4
61,23,2023,"2023-12-15",3.0,4
62,24,2023,"2023-12-15",4.8,4
63,25,2025,"2025-12-15",4.2,4
64,25,2024,"2024-12-15",3.8,4
65,26,2025,"2025-12-15",2.8,4
66,26,2024,"2024-12-15",4.0,4
67,26,2023,"2023-12-15",3.6,4
68,27,2025,"2025-12-15",3.0,4
69,27,2024,"2024-12-15",2.6,4
70,27,2023,"2023-12-15",2.2,4
71,28,2025,"2025-12-15",4.8,5
72,28,2024,"2024-12-15",4.4,5
73,28,2023,"2023-12-15",4.0,5
74,29,2025,"2025-12-15",3.4,5
75,29,2024,"2024-12-15",3.0,5
76,29,2023,"2023-12-15",2.6,5
77,31,2025,"2025-12-15",3.8,5
78,31,2024,"2024-12-15",3.4,5
79,31,2023,"2023-12-15",4.6,5
80,32,2025,"2025-12-15",4.0,5
81,32,2024,"2024-12-15",3.6,5
82,32,2023,"2023-12-15",3.2,5
83,33,2025,"2025-12-15",2.6,5
84,33,2024,"2024-12-15",3.8,5
85,33,2023,"2023-12-15",3.4,5
86,35,2025,"2025-12-15",3.0,5
87,35,2024,"2024-12-15",4.2,5
88,36,2025,"2025-12-15",3.2,5
89,36,2024,"2024-12-15",2.8,5
90,36,2023,"2023-12-15",2.4,5
91,37,2025,"2025-12-15",3.4,5
92,37,2024,"2024-12-15",4.6,5
93,37,2023,"2023-12-15",4.2,5
94,38,2025,"2025-12-15",3.6,6
95,38,2024,"2024-12-15",3.2,6
96,38,2023,"2023-12-15",4.4,6
97,39,2025,"2025-12-15",3.8,6
98,39,2024,"2024-12-15",3.4,6
99,39,2023,"2023-12-15",3.0,6
100,40,2025,"2025-12-15",2.4,6
101,40,2024,"2024-12-15",2.0,6
102,40,2023,"2023-12-15",4.8,6
103,41,2023,"2023-12-15",3.4,6
104,42,2025,"2025-12-15",2.8,6
105,42,2024,"2024-12-15",4.0,6
106,43,2025,"2025-12-15",3.0,6
107,43,2024,"2024-12-15",2.6,6
108,43,2023,"2023-12-15",2.2,6
109,44,2025,"2025-12-15",4.8,6
110,44,2024,"2024-12-15",4.4,6
111,44,2023,"2023-12-15",4.0,6
112,45,2025,"2025-12-15",3.4,7
113,45,2024,"2024-12-15",3.0,7
114,45,2023,"2023-12-15",2.6,7
115,46,2025,"2025-12-15",3.6,7
116,46,2024,"2024-12-15",3.2,7
117,46,2023,"2023-12-15",2.8,7
118,47,2025,"2025-12-15",3.8,7
119,47,2024,"2024-12-15",3.4,7
120,47,2023,"2023-12-15",4.6,7
121,48,2025,"2025-12-15",4.0,7
122,48,2024,"2024-12-15",3.6,7
123,48,2023,"2023-12-15",3.2,7
124,49,2025,"2025-12-15",2.6,7
125,49,2024,"2024-12-15",3.8,7
126,49,2023,"2023-12-15",3.4,7
127,51,2025,"2025-12-15",3.0,7
128,51,2024,"2024-12-15",4.2,7
129,52,2025,"2025-12-15",3.2,7
130,52,2024,"2024-12-15",2.8,7
131,52,2023,"2023-12-15",2.4,7
132,53,2025,"2025-12-15",3.4,10
133,53,2024,"2024-12-15",4.6,10
134,53,2023,"2023-12-15",4.2,10
135,54,2025,"2025-12-15",3.6,10
136,54,2024,"2024-12-15",3.2,10
137,54,2023,"2023-12-15",4.4,10
138,55,2025,"2025-12-15",3.8,10
139,55,2024,"2024-12-15",3.4,10
140,56,2023,"2023-12-15",4.8,10
141,57,2025,"2025-12-15",4.2,10
142,57,2024,"2024-12-15",3.8,10
143,57,2023,"2023-12-15",3.4,10
144,58,2025,"2025-12-15",2.8,10
145,58,2024,"2024-12-15",4.0,10
146,58,2023,"2023-12-15",3.6,10
147,60,2025,"2025-12-15",4.8,10
148,61,2025,"2025-12-15",3.4,10
149,61,2024,"2024-12-15",3.0,10
150,61,2023,"2023-12-15",2.6,10
151,62,2025,"2025-12-15",3.6,10
152,62,2024,"2024-12-15",3.2,10
153,62,2023,"2023-12-15",2.8,10
154,63,2025,"2025-12-15",3.8,8
155,63,2024,"2024-12-15",3.4,8
156,63,2023,"2023-12-15",4.6,8
157,64,2025,"2025-12-15",4.0,8
158,64,2024,"2024-12-15",3.6,8
159,64,2023,"2023-12-15",3.2,8
160,65,2023,"2023-12-15",3.4,8
161,66,2025,"2025-12-15",4.4,8
162,66,2024,"2024-12-15",4.0,8
163,66,2023,"2023-12-15",3.6,8
164,67,2025,"2025-12-15",3.0,8
165,67,2024,"2024-12-15",4.2,8
166,67,2023,"2023-12-15",3.8,8
167,68,2025,"2025-12-15",3.2,8
168,68,2024,"2024-12-15",2.8,8
169,69,2025,"2025-12-15",3.4,2
170,69,2024,"2024-12-15",4.6,2
171,69,2023,"2023-12-15",4.2,2
172,70,2025,"2025-12-15",3.6,2
173,70,2024,"2024-12-15",3.2,2
174,70,2023,"2023-12-15",4.4,2
175,71,2025,"2025-12-15",3.8,2
176,71,2024,"2024-12-15",3.4,2
177,71,2023,"2023-12-15",3.0,2
178,73,2025,"2025-12-15",4.2,2
179,73,2024,"2024-12-15",3.8,2
180,74,2025,"2025-12-15",2.8,2
181,74,2024,"2024-12-15",4.0,2
182,74,2023,"2023-12-15",3.6,2
183,75,2025,"2025-12-15",3.0,3
184,75,2024,"2024-12-15",2.6,3
185,75,2023,"2023-12-15",2.2,3
186,76,2025,"2025-12-15",4.8,3
187,76,2024,"2024-12-15",4.4,3
188,76,2023,"2023-12-15",4.0,3
189,77,2025,"2025-12-15",3.4,3
190,77,2024,"2024-12-15",3.0,3
191,77,2023,"2023-12-15",2.6,3
192,78,2025,"2025-12-15",3.6,3
193,78,2024,"2024-12-15",3.2,3
194,78,2023,"2023-12-15",2.8,3
195,79,2025,"2025-12-15",3.8,3
196,79,2024,"2024-12-15",3.4,3
197,79,2023,"2023-12-15",4.6,3
198,80,2023,"2023-12-15",3.2,3
199,81,2025,"2025-12-15",2.6,3
200,81,2024,"2024-12-15",3.8,3
201,81,2023,"2023-12-15",3.4,3
202,82,2025,"2025-12-15",4.4,3
203,83,2025,"2025-12-15",3.0,5
204,83,2024,"2024-12-15",4.2,5
205,83,2023,"2023-12-15",3.8,5
206,84,2025,"2025-12-15",3.2,6
207,84,2024,"2024-12-15",2.8,6
208,84,2023,"2023-12-15",2.4,6
209,85,2025,"2025-12-15",3.4,9
210,85,2024,"2024-12-15",4.6,9
211,85,2023,"2023-12-15",4.2,9
212,86,2025,"2025-12-15",3.6,4
213,86,2024,"2024-12-15",3.2,4
214,86,2023,"2023-12-15",4.4,4
215,87,2025,"2025-12-15",3.8,7
216,87,2024,"2024-12-15",3.4,7
217,88,2024,"2024-12-15",2.0,9
218,88,2023,"2023-12-15",4.8,9
219,89,2025,"2025-12-15",4.2,3
220,89,2024,"2024-12-15",3.8,3
221,89,2023,"2023-12-15",3.4,3
222,90,2025,"2025-12-15",2.8,2
223,90,2024,"2024-12-15",4.0,2
224,90,2023,"2023-12-15",3.6,2
225,91,2025,"2025-12-15",3.0,10
226,92,2025,"2025-12-15",4.8,8
227,92,2024,"2024-12-15",4.4,8
228,92,2023,"2023-12-15",4.0,8
229,93,2025,"2025-12-15",3.4,5
230,93,2024,"2024-12-15",3.0,5
231,93,2023,"2023-12-15",2.6,5
232,94,2024,"2024-12-15",3.2,6
233,94,2023,"2023-12-15",2.8,6
234,95,2025,"2025-12-15",3.8,7
235,95,2024,"2024-12-15",3.4,7
236,95,2023,"2023-12-15",4.6,7
237,96,2025,"2025-12-15",4.0,4
238,97,2024,"2024-12-15",3.8,9
239,97,2023,"2023-12-15",3.4,9
240,98,2025,"2025-12-15",4.4,3
241,98,2024,"2024-12-15",4.0,3
242,98,2023,"2023-12-15",3.6,3
243,99,2025,"2025-12-15",3.0,5
244,100,2025,"2025-12-15",3.2,10
